2026.06.02 14:34:21 INFO  Started: Metals version 1.6.7 in folders 'C:\Users\DELL\OneDrive\文档\Dadlaga\Bodlogo\Bodlogo1' for client Visual Studio Code 1.120.0.
2026.06.02 14:34:21 INFO  Memory monitor started
2026.06.02 14:34:23 WARN  Using H2 2.4.240 which is newer than the version Flyway has been verified with. The latest verified version of H2 is 2.3.232.
2026.06.02 14:34:23 INFO  no build target found for C:\Users\DELL\OneDrive\文档\Dadlaga\Bodlogo\Bodlogo1\bodlogo1\src\main\java\com\example\App.java. Using fallback presentation compiler.
2026.06.02 14:34:23 INFO  no build target found for C:\Users\DELL\OneDrive\文档\Dadlaga\Bodlogo\Bodlogo1\bodlogo1\src\main\java\com\example\App.java. Using fallback presentation compiler.
Jun 02, 2026 2:34:24 PM org.eclipse.lsp4j.jsonrpc.RemoteEndpoint handleCancellation
WARNING: Unmatched cancel notification for request id 7
Jun 02, 2026 2:34:24 PM org.eclipse.lsp4j.jsonrpc.RemoteEndpoint handleCancellation
WARNING: Unmatched cancel notification for request id 3
2026.06.02 14:34:24 INFO  no build target found for C:\Users\DELL\OneDrive\文档\Dadlaga\Bodlogo\Bodlogo1\bodlogo1\src\main\java\com\example\App.java. Using fallback presentation compiler.
2026.06.02 14:34:29 INFO  no build target found for C:\Users\DELL\OneDrive\文档\Dadlaga\Bodlogo\Bodlogo1\bodlogo1\src\main\java\com\example\App.java. Using fallback presentation compiler.
2026.06.02 14:34:32 INFO  no build target found for C:\Users\DELL\OneDrive\文档\Dadlaga\Bodlogo\Bodlogo1\bodlogo1\src\main\java\com\example\PrimaryController.java. Using fallback presentation compiler.
2026.06.02 14:34:32 INFO  no build target found for C:\Users\DELL\OneDrive\文档\Dadlaga\Bodlogo\Bodlogo1\bodlogo1\src\main\java\com\example\PrimaryController.java. Using fallback presentation compiler.
2026.06.02 14:34:32 INFO  no build target found for C:\Users\DELL\OneDrive\文档\Dadlaga\Bodlogo\Bodlogo1\bodlogo1\src\main\java\com\example\PrimaryController.java. Using fallback presentation compiler.
2026.06.02 14:34:34 INFO  no build target found for C:\Users\DELL\OneDrive\文档\Dadlaga\Bodlogo\Bodlogo1\bodlogo1\src\main\java\com\example\PrimaryController.java. Using fallback presentation compiler.
2026.06.02 14:34:34 INFO  no build target found for C:\Users\DELL\OneDrive\文档\Dadlaga\Bodlogo\Bodlogo1\bodlogo1\src\main\java\com\example\SecondaryController.java. Using fallback presentation compiler.
2026.06.02 14:34:34 INFO  no build target found for C:\Users\DELL\OneDrive\文档\Dadlaga\Bodlogo\Bodlogo1\bodlogo1\src\main\java\com\example\SecondaryController.java. Using fallback presentation compiler.
2026.06.02 14:34:34 INFO  no build target found for C:\Users\DELL\OneDrive\文档\Dadlaga\Bodlogo\Bodlogo1\bodlogo1\src\main\java\com\example\SecondaryController.java. Using fallback presentation compiler.
2026.06.02 14:34:34 INFO  no build target found for C:\Users\DELL\OneDrive\文档\Dadlaga\Bodlogo\Bodlogo1\bodlogo1\src\main\java\com\example\SecondaryController.java. Using fallback presentation compiler.
2026.06.02 14:34:34 INFO  no build target found for C:\Users\DELL\OneDrive\文档\Dadlaga\Bodlogo\Bodlogo1\bodlogo1\src\main\java\com\example\PrimaryController.java. Using fallback presentation compiler.
2026.06.02 14:34:35 INFO  no build target found for C:\Users\DELL\OneDrive\文档\Dadlaga\Bodlogo\Bodlogo1\bodlogo1\src\main\java\com\example\PrimaryController.java. Using fallback presentation compiler.
2026.06.02 14:34:34 INFO  no build target found for C:\Users\DELL\OneDrive\文档\Dadlaga\Bodlogo\Bodlogo1\bodlogo1\src\main\java\com\example\PrimaryController.java. Using fallback presentation compiler.
2026.06.02 14:35:59 INFO  no build target found for C:\Users\DELL\OneDrive\文档\Dadlaga\Bodlogo\Bodlogo1\bodlogo1\src\main\java\com\example\PrimaryController.java. Using fallback presentation compiler.
2026.06.02 14:35:59 INFO  no build target found for C:\Users\DELL\OneDrive\文档\Dadlaga\Bodlogo\Bodlogo1\bodlogo1\src\main\java\com\example\PrimaryController.java. Using fallback presentation compiler.
2026.06.02 14:35:59 INFO  no build target found for C:\Users\DELL\OneDrive\文档\Dadlaga\Bodlogo\Bodlogo1\bodlogo1\src\main\java\com\example\PrimaryController.java. Using fallback presentation compiler.
2026.06.02 14:36:03 INFO  no build target found for C:\Users\DELL\OneDrive\文档\Dadlaga\Bodlogo\Bodlogo1\bodlogo1\src\main\java\com\example\PrimaryController.java. Using fallback presentation compiler.
2026.06.02 14:36:04 INFO  no build target found for C:\Users\DELL\OneDrive\文档\Dadlaga\Bodlogo\Bodlogo1\bodlogo1\src\main\java\com\example\PrimaryController.java. Using fallback presentation compiler.
2026.06.02 14:36:04 INFO  no build target found for C:\Users\DELL\OneDrive\文档\Dadlaga\Bodlogo\Bodlogo1\bodlogo1\src\main\java\com\example\PrimaryController.java. Using fallback presentation compiler.
2026.06.02 14:36:04 INFO  no build target found for C:\Users\DELL\OneDrive\文档\Dadlaga\Bodlogo\Bodlogo1\bodlogo1\src\main\java\com\example\PrimaryController.java. Using fallback presentation compiler.
Jun 02, 2026 2:36:05 PM org.eclipse.lsp4j.jsonrpc.RemoteEndpoint handleCancellation
WARNING: Unmatched cancel notification for request id 40
Jun 02, 2026 2:36:05 PM org.eclipse.lsp4j.jsonrpc.RemoteEndpoint handleCancellation
WARNING: Unmatched cancel notification for request id 41
2026.06.02 14:36:06 INFO  no build target found for C:\Users\DELL\OneDrive\文档\Dadlaga\Bodlogo\Bodlogo1\bodlogo1\src\main\java\com\example\PrimaryController.java. Using fallback presentation compiler.
2026.06.02 14:36:06 INFO  no build target found for C:\Users\DELL\OneDrive\文档\Dadlaga\Bodlogo\Bodlogo1\bodlogo1\src\main\java\com\example\PrimaryController.java. Using fallback presentation compiler.
2026.06.02 14:36:07 INFO  no build target found for C:\Users\DELL\OneDrive\文档\Dadlaga\Bodlogo\Bodlogo1\bodlogo1\src\main\java\com\example\PrimaryController.java. Using fallback presentation compiler.
2026.06.02 14:36:19 INFO  no build target found for C:\Users\DELL\OneDrive\文档\Dadlaga\Bodlogo\Bodlogo1\bodlogo1\src\main\java\com\example\PrimaryController.java. Using fallback presentation compiler.
2026.06.02 14:36:19 INFO  no build target found for C:\Users\DELL\OneDrive\文档\Dadlaga\Bodlogo\Bodlogo1\bodlogo1\src\main\java\com\example\PrimaryController.java. Using fallback presentation compiler.
Jun 02, 2026 2:36:19 PM org.eclipse.lsp4j.jsonrpc.RemoteEndpoint handleCancellation
WARNING: Unmatched cancel notification for request id 51
Jun 02, 2026 2:36:19 PM org.eclipse.lsp4j.jsonrpc.RemoteEndpoint handleCancellation
WARNING: Unmatched cancel notification for request id 52
2026.06.02 14:36:22 INFO  no build target found for C:\Users\DELL\OneDrive\文档\Dadlaga\Bodlogo\Bodlogo1\bodlogo1\src\main\java\com\example\PrimaryController.java. Using fallback presentation compiler.
2026.06.02 14:36:23 WARN  no build target for: C:\Users\DELL\OneDrive\文档\Dadlaga\Bodlogo\Bodlogo1\bodlogo1\src\main\java\com\example\PrimaryController.java
2026.06.02 14:36:22 INFO  no build target found for C:\Users\DELL\OneDrive\文档\Dadlaga\Bodlogo\Bodlogo1\bodlogo1\src\main\java\com\example\PrimaryController.java. Using fallback presentation compiler.
2026.06.02 14:36:22 INFO  no build target found for C:\Users\DELL\OneDrive\文档\Dadlaga\Bodlogo\Bodlogo1\bodlogo1\src\main\java\com\example\PrimaryController.java. Using fallback presentation compiler.
2026.06.02 14:36:23 INFO  no build target found for C:\Users\DELL\OneDrive\文档\Dadlaga\Bodlogo\Bodlogo1\bodlogo1\src\main\java\com\example\PrimaryController.java. Using fallback presentation compiler.
2026.06.02 14:36:24 INFO  no build target found for C:\Users\DELL\OneDrive\文档\Dadlaga\Bodlogo\Bodlogo1\bodlogo1\src\main\java\com\example\PrimaryController.java. Using fallback presentation compiler.
2026.06.02 14:36:24 INFO  no build target found for C:\Users\DELL\OneDrive\文档\Dadlaga\Bodlogo\Bodlogo1\bodlogo1\src\main\java\com\example\PrimaryController.java. Using fallback presentation compiler.
2026.06.02 14:36:24 INFO  no build target found for C:\Users\DELL\OneDrive\文档\Dadlaga\Bodlogo\Bodlogo1\bodlogo1\src\main\java\com\example\PrimaryController.java. Using fallback presentation compiler.
2026.06.02 14:36:31 WARN  no build target for: C:\Users\DELL\OneDrive\文档\Dadlaga\Bodlogo\Bodlogo1\bodlogo1\src\main\java\com\example\PrimaryController.java
2026.06.02 14:36:31 INFO  no build target found for C:\Users\DELL\OneDrive\文档\Dadlaga\Bodlogo\Bodlogo1\bodlogo1\src\main\java\com\example\PrimaryController.java. Using fallback presentation compiler.
2026.06.02 14:38:23 INFO  Shutting down server
2026.06.02 14:38:23 INFO  Memory monitor stopped
2026.06.02 14:38:23 INFO  shutting down Metals
2026.06.02 14:38:23 INFO  Exiting server
2026.06.02 14:47:55 INFO  Started: Metals version 1.6.7 in folders 'C:\Dadlaga\Bodlogo\Bodlogo1' for client Visual Studio Code 1.122.1.
2026.06.02 14:47:55 INFO  Memory monitor started
2026.06.02 14:47:57 WARN  Using H2 2.4.240 which is newer than the version Flyway has been verified with. The latest verified version of H2 is 2.3.232.
2026.06.02 14:47:57 INFO  no build target found for C:\Dadlaga\Bodlogo\Bodlogo1\bodlogo1\src\main\java\com\example\App.java. Using fallback presentation compiler.
2026.06.02 14:47:58 INFO  no build target found for C:\Dadlaga\Bodlogo\Bodlogo1\bodlogo1\src\main\java\com\example\App.java. Using fallback presentation compiler.
2026.06.02 14:49:12 INFO  no build target found for C:\Dadlaga\Bodlogo\Bodlogo1\bodlogo1\src\main\java\com\example\App.java. Using fallback presentation compiler.
2026.06.02 14:49:12 INFO  no build target found for C:\Dadlaga\Bodlogo\Bodlogo1\bodlogo1\src\main\java\com\example\App.java. Using fallback presentation compiler.
2026.06.02 14:54:54 INFO  Shutting down server
2026.06.02 14:54:54 INFO  Memory monitor stopped
2026.06.02 14:54:54 INFO  shutting down Metals
2026.06.02 14:54:54 INFO  Exiting server
2026.06.02 14:54:55 ERROR Unexpected error initializing server: 
org.eclipse.lsp4j.jsonrpc.ResponseErrorException: Request window/showMessageRequest failed with message: Canceled
	at org.eclipse.lsp4j.jsonrpc.RemoteEndpoint.handleResponse(RemoteEndpoint.java:214)
	at org.eclipse.lsp4j.jsonrpc.RemoteEndpoint.consume(RemoteEndpoint.java:198)
	at org.eclipse.lsp4j.jsonrpc.json.StreamMessageProducer.handleMessage(StreamMessageProducer.java:189)
	at org.eclipse.lsp4j.jsonrpc.json.StreamMessageProducer.listen(StreamMessageProducer.java:97)
	at org.eclipse.lsp4j.jsonrpc.json.ConcurrentMessageProcessor.run(ConcurrentMessageProcessor.java:97)
	at java.util.concurrent.Executors$RunnableAdapter.call(Executors.java:545)
	at java.util.concurrent.FutureTask.run(FutureTask.java:328)
	at java.util.concurrent.ThreadPoolExecutor.runWorker(ThreadPoolExecutor.java:1090)
	at java.util.concurrent.ThreadPoolExecutor$Worker.run(ThreadPoolExecutor.java:614)
	at java.lang.Thread.run(Thread.java:1474)

2026.06.02 14:56:39 INFO  Started: Metals version 1.6.7 in folders 'C:\Dadlaga\Bodlogo\Bodlogo1' for client Visual Studio Code 1.122.1.
2026.06.02 14:56:39 INFO  Memory monitor started
2026.06.02 14:56:42 WARN  Using H2 2.4.240 which is newer than the version Flyway has been verified with. The latest verified version of H2 is 2.3.232.
2026.06.02 14:56:48 INFO  no build target found for C:\Dadlaga\Bodlogo\Bodlogo1\bodlogo1\src\main\java\com\example\App.java. Using fallback presentation compiler.
2026.06.02 15:01:21 INFO  no build target found for C:\Dadlaga\Bodlogo\Bodlogo1\bodlogo1\src\main\java\com\example\App.java. Using fallback presentation compiler.
2026.06.02 15:01:22 WARN  no build target for: C:\Dadlaga\Bodlogo\Bodlogo1\bodlogo1\src\main\java\com\example\App.java
Jun 02, 2026 3:01:22 PM org.eclipse.lsp4j.jsonrpc.RemoteEndpoint handleCancellation
WARNING: Unmatched cancel notification for request id 13
2026.06.02 15:01:22 INFO  no build target found for C:\Dadlaga\Bodlogo\Bodlogo1\bodlogo1\src\main\java\com\example\App.java. Using fallback presentation compiler.
2026.06.02 15:01:26 INFO  no build target found for C:\Dadlaga\Bodlogo\Bodlogo1\bodlogo1\src\main\java\com\example\App.java. Using fallback presentation compiler.
2026.06.02 15:01:26 INFO  no build target found for C:\Dadlaga\Bodlogo\Bodlogo1\bodlogo1\src\main\java\com\example\App.java. Using fallback presentation compiler.
2026.06.02 15:01:33 INFO  no build target found for C:\Dadlaga\Bodlogo\Bodlogo1\bodlogo1\src\main\java\com\example\App.java. Using fallback presentation compiler.
2026.06.02 15:09:29 INFO  no build target found for C:\Dadlaga\Bodlogo\Bodlogo1\bodlogo1\src\main\java\com\example\App.java. Using fallback presentation compiler.
2026.06.02 15:09:38 INFO  no build target found for C:\Dadlaga\Bodlogo\Bodlogo1\bodlogo1\src\main\java\com\example\App.java. Using fallback presentation compiler.
2026.06.02 15:10:24 INFO  Shutting down server
2026.06.02 15:10:24 INFO  Memory monitor stopped
2026.06.02 15:10:24 INFO  shutting down Metals
2026.06.02 15:10:25 ERROR Unexpected error initializing server: 
org.eclipse.lsp4j.jsonrpc.ResponseErrorException: Request window/showMessageRequest failed with message: Canceled
	at org.eclipse.lsp4j.jsonrpc.RemoteEndpoint.handleResponse(RemoteEndpoint.java:214)
	at org.eclipse.lsp4j.jsonrpc.RemoteEndpoint.consume(RemoteEndpoint.java:198)
	at org.eclipse.lsp4j.jsonrpc.json.StreamMessageProducer.handleMessage(StreamMessageProducer.java:189)
	at org.eclipse.lsp4j.jsonrpc.json.StreamMessageProducer.listen(StreamMessageProducer.java:97)
	at org.eclipse.lsp4j.jsonrpc.json.ConcurrentMessageProcessor.run(ConcurrentMessageProcessor.java:97)
	at java.util.concurrent.Executors$RunnableAdapter.call(Executors.java:545)
	at java.util.concurrent.FutureTask.run(FutureTask.java:328)
	at java.util.concurrent.ThreadPoolExecutor.runWorker(ThreadPoolExecutor.java:1090)
	at java.util.concurrent.ThreadPoolExecutor$Worker.run(ThreadPoolExecutor.java:614)
	at java.lang.Thread.run(Thread.java:1474)

2026.06.02 15:10:24 INFO  Exiting server
2026.06.02 15:13:02 INFO  Started: Metals version 1.6.7 in folders 'C:\Dadlaga\Bodlogo\Bodlogo1' for client Visual Studio Code 1.122.1.
2026.06.02 15:13:03 INFO  Memory monitor started
2026.06.02 15:13:05 WARN  Using H2 2.4.240 which is newer than the version Flyway has been verified with. The latest verified version of H2 is 2.3.232.
2026.06.02 15:13:06 INFO  no build target found for C:\Dadlaga\Bodlogo\Bodlogo1\bodlogo1\src\main\java\com\example\App.java. Using fallback presentation compiler.
2026.06.02 15:13:10 INFO  no build target found for C:\Dadlaga\Bodlogo\Bodlogo1\bodlogo1\src\main\java\com\example\App.java. Using fallback presentation compiler.
2026.06.02 15:13:30 WARN  no build target for: C:\Dadlaga\Bodlogo\Bodlogo1\bodlogo1\src\main\java\com\example\App.java
2026.06.02 15:13:30 INFO  no build target found for C:\Dadlaga\Bodlogo\Bodlogo1\bodlogo1\src\main\java\com\example\App.java. Using fallback presentation compiler.
2026.06.02 15:13:32 INFO  no build target found for C:\Dadlaga\Bodlogo\Bodlogo1\bodlogo1\src\main\java\com\example\App.java. Using fallback presentation compiler.
2026.06.02 15:13:32 WARN  no build target for: C:\Dadlaga\Bodlogo\Bodlogo1\bodlogo1\src\main\java\com\example\PrimaryController.java
2026.06.02 15:13:32 INFO  no build target found for C:\Dadlaga\Bodlogo\Bodlogo1\bodlogo1\src\main\java\com\example\PrimaryController.java. Using fallback presentation compiler.
2026.06.02 15:13:33 INFO  no build target found for C:\Dadlaga\Bodlogo\Bodlogo1\bodlogo1\src\main\java\com\example\PrimaryController.java. Using fallback presentation compiler.
Jun 02, 2026 3:13:33 PM org.eclipse.lsp4j.jsonrpc.RemoteEndpoint handleCancellation
WARNING: Unmatched cancel notification for request id 13
2026.06.02 15:13:32 INFO  no build target found for C:\Dadlaga\Bodlogo\Bodlogo1\bodlogo1\src\main\java\com\example\PrimaryController.java. Using fallback presentation compiler.
2026.06.02 15:13:34 INFO  no build target found for C:\Dadlaga\Bodlogo\Bodlogo1\bodlogo1\src\main\java\com\example\PrimaryController.java. Using fallback presentation compiler.
2026.06.02 15:13:34 WARN  no build target for: C:\Dadlaga\Bodlogo\Bodlogo1\bodlogo1\src\main\java\com\example\SecondaryController.java
2026.06.02 15:13:34 INFO  no build target found for C:\Dadlaga\Bodlogo\Bodlogo1\bodlogo1\src\main\java\com\example\SecondaryController.java. Using fallback presentation compiler.
2026.06.02 15:13:34 INFO  no build target found for C:\Dadlaga\Bodlogo\Bodlogo1\bodlogo1\src\main\java\com\example\SecondaryController.java. Using fallback presentation compiler.
2026.06.02 15:13:34 INFO  no build target found for C:\Dadlaga\Bodlogo\Bodlogo1\bodlogo1\src\main\java\com\example\SecondaryController.java. Using fallback presentation compiler.
2026.06.02 15:13:34 INFO  no build target found for C:\Dadlaga\Bodlogo\Bodlogo1\bodlogo1\src\main\java\com\example\SecondaryController.java. Using fallback presentation compiler.
2026.06.02 15:13:35 INFO  no build target found for C:\Dadlaga\Bodlogo\Bodlogo1\bodlogo1\src\main\java\com\example\SecondaryController.java. Using fallback presentation compiler.
2026.06.02 15:13:38 INFO  no build target found for C:\Dadlaga\Bodlogo\Bodlogo1\bodlogo1\src\main\java\com\example\SecondaryController.java. Using fallback presentation compiler.
2026.06.02 15:13:42 INFO  no build target found for C:\Dadlaga\Bodlogo\Bodlogo1\bodlogo1\src\main\java\com\example\SecondaryController.java. Using fallback presentation compiler.
2026.06.02 15:13:42 WARN  no build target for: C:\Dadlaga\Bodlogo\Bodlogo1\bodlogo1\src\main\java\com\example\PrimaryController.java
2026.06.02 15:13:42 INFO  no build target found for C:\Dadlaga\Bodlogo\Bodlogo1\bodlogo1\src\main\java\com\example\PrimaryController.java. Using fallback presentation compiler.
2026.06.02 15:13:42 INFO  no build target found for C:\Dadlaga\Bodlogo\Bodlogo1\bodlogo1\src\main\java\com\example\PrimaryController.java. Using fallback presentation compiler.
2026.06.02 15:13:42 INFO  no build target found for C:\Dadlaga\Bodlogo\Bodlogo1\bodlogo1\src\main\java\com\example\PrimaryController.java. Using fallback presentation compiler.
2026.06.02 15:13:42 INFO  no build target found for C:\Dadlaga\Bodlogo\Bodlogo1\bodlogo1\src\main\java\com\example\PrimaryController.java. Using fallback presentation compiler.
2026.06.02 15:13:42 INFO  no build target found for C:\Dadlaga\Bodlogo\Bodlogo1\bodlogo1\src\main\java\com\example\PrimaryController.java. Using fallback presentation compiler.
2026.06.02 15:13:42 WARN  no build target for: C:\Dadlaga\Bodlogo\Bodlogo1\bodlogo1\src\main\java\com\example\SecondaryController.java
2026.06.02 15:13:42 INFO  no build target found for C:\Dadlaga\Bodlogo\Bodlogo1\bodlogo1\src\main\java\com\example\SecondaryController.java. Using fallback presentation compiler.
2026.06.02 15:13:42 INFO  no build target found for C:\Dadlaga\Bodlogo\Bodlogo1\bodlogo1\src\main\java\com\example\SecondaryController.java. Using fallback presentation compiler.
2026.06.02 15:13:43 INFO  no build target found for C:\Dadlaga\Bodlogo\Bodlogo1\bodlogo1\src\main\java\com\example\SecondaryController.java. Using fallback presentation compiler.
2026.06.02 15:13:43 INFO  no build target found for C:\Dadlaga\Bodlogo\Bodlogo1\bodlogo1\src\main\java\com\example\SecondaryController.java. Using fallback presentation compiler.
2026.06.02 15:13:44 INFO  no build target found for C:\Dadlaga\Bodlogo\Bodlogo1\bodlogo1\src\main\java\com\example\SecondaryController.java. Using fallback presentation compiler.
2026.06.02 15:13:44 WARN  no build target for: C:\Dadlaga\Bodlogo\Bodlogo1\bodlogo1\src\main\java\com\example\PrimaryController.java
2026.06.02 15:13:44 INFO  no build target found for C:\Dadlaga\Bodlogo\Bodlogo1\bodlogo1\src\main\java\com\example\PrimaryController.java. Using fallback presentation compiler.
2026.06.02 15:13:44 INFO  no build target found for C:\Dadlaga\Bodlogo\Bodlogo1\bodlogo1\src\main\java\com\example\PrimaryController.java. Using fallback presentation compiler.
2026.06.02 15:13:44 INFO  no build target found for C:\Dadlaga\Bodlogo\Bodlogo1\bodlogo1\src\main\java\com\example\PrimaryController.java. Using fallback presentation compiler.
2026.06.02 15:13:44 INFO  no build target found for C:\Dadlaga\Bodlogo\Bodlogo1\bodlogo1\src\main\java\com\example\PrimaryController.java. Using fallback presentation compiler.
2026.06.02 15:13:46 INFO  no build target found for C:\Dadlaga\Bodlogo\Bodlogo1\bodlogo1\src\main\java\com\example\PrimaryController.java. Using fallback presentation compiler.
2026.06.02 15:13:46 WARN  no build target for: C:\Dadlaga\Bodlogo\Bodlogo1\bodlogo1\src\main\java\com\example\SecondaryController.java
2026.06.02 15:13:46 INFO  no build target found for C:\Dadlaga\Bodlogo\Bodlogo1\bodlogo1\src\main\java\com\example\SecondaryController.java. Using fallback presentation compiler.
2026.06.02 15:13:46 INFO  no build target found for C:\Dadlaga\Bodlogo\Bodlogo1\bodlogo1\src\main\java\com\example\SecondaryController.java. Using fallback presentation compiler.
2026.06.02 15:13:46 INFO  no build target found for C:\Dadlaga\Bodlogo\Bodlogo1\bodlogo1\src\main\java\com\example\SecondaryController.java. Using fallback presentation compiler.
2026.06.02 15:13:47 INFO  no build target found for C:\Dadlaga\Bodlogo\Bodlogo1\bodlogo1\src\main\java\com\example\SecondaryController.java. Using fallback presentation compiler.
2026.06.02 15:13:46 INFO  no build target found for C:\Dadlaga\Bodlogo\Bodlogo1\bodlogo1\src\main\java\com\example\SecondaryController.java. Using fallback presentation compiler.
2026.06.02 15:13:47 WARN  no build target for: C:\Dadlaga\Bodlogo\Bodlogo1\bodlogo1\src\main\java\com\example\PrimaryController.java
2026.06.02 15:13:46 INFO  no build target found for C:\Dadlaga\Bodlogo\Bodlogo1\bodlogo1\src\main\java\com\example\PrimaryController.java. Using fallback presentation compiler.
2026.06.02 15:13:46 INFO  no build target found for C:\Dadlaga\Bodlogo\Bodlogo1\bodlogo1\src\main\java\com\example\PrimaryController.java. Using fallback presentation compiler.
Jun 02, 2026 3:13:47 PM org.eclipse.lsp4j.jsonrpc.RemoteEndpoint handleCancellation
WARNING: Unmatched cancel notification for request id 62
2026.06.02 15:13:46 INFO  no build target found for C:\Dadlaga\Bodlogo\Bodlogo1\bodlogo1\src\main\java\com\example\PrimaryController.java. Using fallback presentation compiler.
2026.06.02 15:13:48 INFO  no build target found for C:\Dadlaga\Bodlogo\Bodlogo1\bodlogo1\src\main\java\com\example\PrimaryController.java. Using fallback presentation compiler.
2026.06.02 15:14:07 INFO  no build target found for C:\Dadlaga\Bodlogo\Bodlogo1\bodlogo1\src\main\java\com\example\PrimaryController.java. Using fallback presentation compiler.
2026.06.02 15:14:07 WARN  no build target for: C:\Dadlaga\Bodlogo\Bodlogo1\bodlogo1\src\main\java\com\example\App.java
2026.06.02 15:14:07 INFO  no build target found for C:\Dadlaga\Bodlogo\Bodlogo1\bodlogo1\src\main\java\com\example\App.java. Using fallback presentation compiler.
2026.06.02 15:14:07 INFO  no build target found for C:\Dadlaga\Bodlogo\Bodlogo1\bodlogo1\src\main\java\com\example\App.java. Using fallback presentation compiler.
2026.06.02 15:14:07 INFO  no build target found for C:\Dadlaga\Bodlogo\Bodlogo1\bodlogo1\src\main\java\com\example\App.java. Using fallback presentation compiler.
2026.06.02 15:14:19 INFO  no build target found for C:\Dadlaga\Bodlogo\Bodlogo1\bodlogo1\src\main\java\com\example\App.java. Using fallback presentation compiler.
2026.06.02 15:14:19 WARN  no build target for: C:\Dadlaga\Bodlogo\Bodlogo1\bodlogo1\src\main\java\module-info.java
2026.06.02 15:14:19 INFO  no build target found for C:\Dadlaga\Bodlogo\Bodlogo1\bodlogo1\src\main\java\module-info.java. Using fallback presentation compiler.
2026.06.02 15:14:19 WARN  Running javac-semanticdb failed for file:///C:/Dadlaga/Bodlogo/Bodlogo1/bodlogo1/src/main/java/module-info.java. Output:

2026.06.02 15:14:19 INFO  no build target found for C:\Dadlaga\Bodlogo\Bodlogo1\bodlogo1\src\main\java\module-info.java. Using fallback presentation compiler.
2026.06.02 15:14:19 INFO  no build target found for C:\Dadlaga\Bodlogo\Bodlogo1\bodlogo1\src\main\java\module-info.java. Using fallback presentation compiler.
2026.06.02 15:14:19 INFO  no build target found for C:\Dadlaga\Bodlogo\Bodlogo1\bodlogo1\src\main\java\module-info.java. Using fallback presentation compiler.
2026.06.02 15:14:21 INFO  no build target found for C:\Dadlaga\Bodlogo\Bodlogo1\bodlogo1\src\main\java\module-info.java. Using fallback presentation compiler.
2026.06.02 15:14:23 INFO  no build target found for C:\Dadlaga\Bodlogo\Bodlogo1\bodlogo1\src\main\java\module-info.java. Using fallback presentation compiler.
2026.06.02 15:14:23 WARN  no build target for: C:\Dadlaga\Bodlogo\Bodlogo1\bodlogo1\src\main\java\com\example\App.java
2026.06.02 15:14:23 INFO  no build target found for C:\Dadlaga\Bodlogo\Bodlogo1\bodlogo1\src\main\java\com\example\App.java. Using fallback presentation compiler.
2026.06.02 15:14:23 INFO  no build target found for C:\Dadlaga\Bodlogo\Bodlogo1\bodlogo1\src\main\java\com\example\App.java. Using fallback presentation compiler.
2026.06.02 15:14:23 INFO  no build target found for C:\Dadlaga\Bodlogo\Bodlogo1\bodlogo1\src\main\java\com\example\App.java. Using fallback presentation compiler.
2026.06.02 15:14:25 INFO  no build target found for C:\Dadlaga\Bodlogo\Bodlogo1\bodlogo1\src\main\java\com\example\App.java. Using fallback presentation compiler.
2026.06.02 15:16:47 WARN  no build target for: C:\Dadlaga\Bodlogo\Bodlogo1\bodlogo1\src\main\java\com\example\App.java
2026.06.02 15:16:47 INFO  no build target found for C:\Dadlaga\Bodlogo\Bodlogo1\bodlogo1\src\main\java\com\example\App.java. Using fallback presentation compiler.
2026.06.02 15:16:48 INFO  no build target found for C:\Dadlaga\Bodlogo\Bodlogo1\bodlogo1\src\main\java\com\example\App.java. Using fallback presentation compiler.Jun 02, 2026 3:16:48 PM org.eclipse.lsp4j.jsonrpc.RemoteEndpoint handleCancellation
WARNING: Unmatched cancel notification for request id 99

2026.06.02 15:16:48 INFO  no build target found for C:\Dadlaga\Bodlogo\Bodlogo1\bodlogo1\src\main\java\com\example\App.java. Using fallback presentation compiler.
2026.06.02 15:16:59 INFO  no build target found for C:\Dadlaga\Bodlogo\Bodlogo1\bodlogo1\src\main\java\com\example\App.java. Using fallback presentation compiler.
2026.06.02 15:17:06 INFO  no build target found for C:\Dadlaga\Bodlogo\Bodlogo1\bodlogo1\src\main\java\com\example\App.java. Using fallback presentation compiler.
2026.06.02 15:17:06 INFO  no build target found for C:\Dadlaga\Bodlogo\Bodlogo1\bodlogo1\src\main\java\com\example\App.java. Using fallback presentation compiler.
2026.06.02 15:17:07 INFO  no build target found for C:\Dadlaga\Bodlogo\Bodlogo1\bodlogo1\src\main\java\com\example\App.java. Using fallback presentation compiler.
2026.06.02 15:17:07 INFO  no build target found for C:\Dadlaga\Bodlogo\Bodlogo1\bodlogo1\src\main\java\com\example\App.java. Using fallback presentation compiler.
2026.06.02 15:17:07 INFO  no build target found for C:\Dadlaga\Bodlogo\Bodlogo1\bodlogo1\src\main\java\com\example\App.java. Using fallback presentation compiler.
2026.06.02 15:17:07 INFO  no build target found for C:\Dadlaga\Bodlogo\Bodlogo1\bodlogo1\src\main\java\com\example\App.java. Using fallback presentation compiler.
2026.06.02 15:17:07 INFO  no build target found for C:\Dadlaga\Bodlogo\Bodlogo1\bodlogo1\src\main\java\com\example\App.java. Using fallback presentation compiler.
2026.06.02 15:17:09 INFO  no build target found for C:\Dadlaga\Bodlogo\Bodlogo1\bodlogo1\src\main\java\com\example\App.java. Using fallback presentation compiler.
2026.06.02 15:17:09 INFO  no build target found for C:\Dadlaga\Bodlogo\Bodlogo1\bodlogo1\src\main\java\com\example\App.java. Using fallback presentation compiler.
2026.06.02 15:17:09 INFO  no build target found for C:\Dadlaga\Bodlogo\Bodlogo1\bodlogo1\src\main\java\com\example\App.java. Using fallback presentation compiler.
2026.06.02 15:17:09 INFO  no build target found for C:\Dadlaga\Bodlogo\Bodlogo1\bodlogo1\src\main\java\com\example\App.java. Using fallback presentation compiler.
2026.06.02 15:17:14 INFO  no build target found for C:\Dadlaga\Bodlogo\Bodlogo1\bodlogo1\src\main\java\com\example\App.java. Using fallback presentation compiler.
2026.06.02 15:17:14 INFO  no build target found for C:\Dadlaga\Bodlogo\Bodlogo1\bodlogo1\src\main\java\com\example\App.java. Using fallback presentation compiler.
2026.06.02 15:17:15 INFO  no build target found for C:\Dadlaga\Bodlogo\Bodlogo1\bodlogo1\src\main\java\com\example\App.java. Using fallback presentation compiler.
2026.06.02 15:17:15 INFO  no build target found for C:\Dadlaga\Bodlogo\Bodlogo1\bodlogo1\src\main\java\com\example\App.java. Using fallback presentation compiler.
2026.06.02 15:17:17 INFO  no build target found for C:\Dadlaga\Bodlogo\Bodlogo1\bodlogo1\src\main\java\com\example\App.java. Using fallback presentation compiler.
2026.06.02 15:17:20 INFO  no build target found for C:\Dadlaga\Bodlogo\Bodlogo1\bodlogo1\src\main\java\com\example\App.java. Using fallback presentation compiler.
2026.06.02 15:17:20 INFO  no build target found for C:\Dadlaga\Bodlogo\Bodlogo1\bodlogo1\src\main\java\com\example\App.java. Using fallback presentation compiler.
2026.06.02 15:17:20 INFO  no build target found for C:\Dadlaga\Bodlogo\Bodlogo1\bodlogo1\src\main\java\com\example\App.java. Using fallback presentation compiler.
2026.06.02 15:17:21 INFO  no build target found for C:\Dadlaga\Bodlogo\Bodlogo1\bodlogo1\src\main\java\com\example\App.java. Using fallback presentation compiler.
2026.06.02 15:17:21 WARN  no build target for: C:\Dadlaga\Bodlogo\Bodlogo1\bodlogo1\src\main\java\com\example\App.java
2026.06.02 15:17:21 INFO  no build target found for C:\Dadlaga\Bodlogo\Bodlogo1\bodlogo1\src\main\java\com\example\App.java. Using fallback presentation compiler.
2026.06.02 15:17:23 INFO  no build target found for C:\Dadlaga\Bodlogo\Bodlogo1\bodlogo1\src\main\java\com\example\App.java. Using fallback presentation compiler.
2026.06.02 15:17:23 INFO  no build target found for C:\Dadlaga\Bodlogo\Bodlogo1\bodlogo1\src\main\java\com\example\App.java. Using fallback presentation compiler.
2026.06.02 15:17:23 INFO  no build target found for C:\Dadlaga\Bodlogo\Bodlogo1\bodlogo1\src\main\java\com\example\App.java. Using fallback presentation compiler.
2026.06.02 15:17:23 INFO  no build target found for C:\Dadlaga\Bodlogo\Bodlogo1\bodlogo1\src\main\java\com\example\App.java. Using fallback presentation compiler.
2026.06.02 15:17:23 INFO  no build target found for C:\Dadlaga\Bodlogo\Bodlogo1\bodlogo1\src\main\java\com\example\App.java. Using fallback presentation compiler.
2026.06.02 15:17:23 INFO  no build target found for C:\Dadlaga\Bodlogo\Bodlogo1\bodlogo1\src\main\java\com\example\App.java. Using fallback presentation compiler.
2026.06.02 15:17:23 INFO  no build target found for C:\Dadlaga\Bodlogo\Bodlogo1\bodlogo1\src\main\java\com\example\App.java. Using fallback presentation compiler.
2026.06.02 15:17:24 INFO  no build target found for C:\Dadlaga\Bodlogo\Bodlogo1\bodlogo1\src\main\java\com\example\App.java. Using fallback presentation compiler.
2026.06.02 15:17:24 WARN  no build target for: C:\Dadlaga\Bodlogo\Bodlogo1\bodlogo1\src\main\java\com\example\App.java
2026.06.02 15:17:24 INFO  no build target found for C:\Dadlaga\Bodlogo\Bodlogo1\bodlogo1\src\main\java\com\example\App.java. Using fallback presentation compiler.
2026.06.02 15:17:25 INFO  no build target found for C:\Dadlaga\Bodlogo\Bodlogo1\bodlogo1\src\main\java\com\example\App.java. Using fallback presentation compiler.
2026.06.02 15:17:29 INFO  no build target found for C:\Dadlaga\Bodlogo\Bodlogo1\bodlogo1\src\main\java\com\example\App.java. Using fallback presentation compiler.
2026.06.02 15:17:29 WARN  no build target for: C:\Dadlaga\Bodlogo\Bodlogo1\bodlogo1\src\main\java\com\example\App.java
2026.06.02 15:17:29 INFO  no build target found for C:\Dadlaga\Bodlogo\Bodlogo1\bodlogo1\src\main\java\com\example\App.java. Using fallback presentation compiler.
2026.06.02 15:17:29 INFO  no build target found for C:\Dadlaga\Bodlogo\Bodlogo1\bodlogo1\src\main\java\com\example\App.java. Using fallback presentation compiler.
2026.06.02 15:17:29 INFO  no build target found for C:\Dadlaga\Bodlogo\Bodlogo1\bodlogo1\src\main\java\com\example\App.java. Using fallback presentation compiler.
2026.06.02 15:17:29 INFO  no build target found for C:\Dadlaga\Bodlogo\Bodlogo1\bodlogo1\src\main\java\com\example\App.java. Using fallback presentation compiler.
2026.06.02 15:18:35 INFO  no build target found for C:\Dadlaga\Bodlogo\Bodlogo1\bodlogo1\src\main\Controller.java. Using fallback presentation compiler.
2026.06.02 15:18:35 WARN  no build target for: C:\Dadlaga\Bodlogo\Bodlogo1\bodlogo1\src\main\Controller.java
2026.06.02 15:18:35 WARN  no build target for: C:\Dadlaga\Bodlogo\Bodlogo1\bodlogo1\src\main\Controller.java
2026.06.02 15:18:35 INFO  no build target found for C:\Dadlaga\Bodlogo\Bodlogo1\bodlogo1\src\main\Controller.java. Using fallback presentation compiler.
2026.06.02 15:18:35 INFO  no build target found for C:\Dadlaga\Bodlogo\Bodlogo1\bodlogo1\src\main\Controller.java. Using fallback presentation compiler.
2026.06.02 15:18:41 INFO  no build target found for c:\Dadlaga\Bodlogo\Bodlogo1\bodlogo1\src\main\Controller.java. Using fallback presentation compiler.
2026.06.02 15:18:46 WARN  no build target for: C:\Dadlaga\Bodlogo\Bodlogo1\bodlogo1\src\main\java\module-info.java
2026.06.02 15:18:46 INFO  no build target found for C:\Dadlaga\Bodlogo\Bodlogo1\bodlogo1\src\main\java\module-info.java. Using fallback presentation compiler.
2026.06.02 15:18:46 WARN  Running javac-semanticdb failed for file:///C:/Dadlaga/Bodlogo/Bodlogo1/bodlogo1/src/main/java/module-info.java. Output:

2026.06.02 15:18:46 INFO  no build target found for C:\Dadlaga\Bodlogo\Bodlogo1\bodlogo1\src\main\java\module-info.java. Using fallback presentation compiler.
2026.06.02 15:18:46 INFO  no build target found for C:\Dadlaga\Bodlogo\Bodlogo1\bodlogo1\src\main\java\module-info.java. Using fallback presentation compiler.
2026.06.02 15:18:46 INFO  no build target found for C:\Dadlaga\Bodlogo\Bodlogo1\bodlogo1\src\main\java\module-info.java. Using fallback presentation compiler.
2026.06.02 15:19:14 INFO  no build target found for C:\Dadlaga\Bodlogo\Bodlogo1\bodlogo1\src\main\java\com\example\Controller.java. Using fallback presentation compiler.
2026.06.02 15:19:14 WARN  no build target for: C:\Dadlaga\Bodlogo\Bodlogo1\bodlogo1\src\main\java\com\example\Controller.java
2026.06.02 15:19:14 INFO  no build target found for C:\Dadlaga\Bodlogo\Bodlogo1\bodlogo1\src\main\java\module-info.java. Using fallback presentation compiler.
2026.06.02 15:19:14 WARN  no build target for: C:\Dadlaga\Bodlogo\Bodlogo1\bodlogo1\src\main\java\com\example\Controller.java
2026.06.02 15:19:14 INFO  no build target found for C:\Dadlaga\Bodlogo\Bodlogo1\bodlogo1\src\main\java\module-info.java. Using fallback presentation compiler.
2026.06.02 15:19:14 INFO  no build target found for C:\Dadlaga\Bodlogo\Bodlogo1\bodlogo1\src\main\java\com\example\Controller.java. Using fallback presentation compiler.
Jun 02, 2026 3:19:15 PM org.eclipse.lsp4j.jsonrpc.RemoteEndpoint handleCancellation
WARNING: Unmatched cancel notification for request id 202
2026.06.02 15:19:15 INFO  no build target found for C:\Dadlaga\Bodlogo\Bodlogo1\bodlogo1\src\main\java\com\example\Controller.java. Using fallback presentation compiler.
2026.06.02 15:19:22 INFO  no build target found for C:\Dadlaga\Bodlogo\Bodlogo1\bodlogo1\src\main\java\com\example\Controller.java. Using fallback presentation compiler.
2026.06.02 15:19:22 INFO  no build target found for C:\Dadlaga\Bodlogo\Bodlogo1\bodlogo1\src\main\java\com\example\Controller.java. Using fallback presentation compiler.
2026.06.02 15:19:22 INFO  no build target found for C:\Dadlaga\Bodlogo\Bodlogo1\bodlogo1\src\main\java\com\example\Controller.java. Using fallback presentation compiler.
2026.06.02 15:19:23 INFO  no build target found for C:\Dadlaga\Bodlogo\Bodlogo1\bodlogo1\src\main\java\com\example\Controller.java. Using fallback presentation compiler.
2026.06.02 15:19:23 WARN  no build target for: C:\Dadlaga\Bodlogo\Bodlogo1\bodlogo1\src\main\java\com\example\Controller.java
2026.06.02 15:19:23 INFO  no build target found for C:\Dadlaga\Bodlogo\Bodlogo1\bodlogo1\src\main\java\com\example\Controller.java. Using fallback presentation compiler.
2026.06.02 15:19:23 INFO  Created report: Optional[file:///C:/Dadlaga/Bodlogo/Bodlogo1/bodlogo1/src/main/java/com/example/Controller.java]
2026.06.02 15:19:23 INFO  QDox parse error in file:///C:/Dadlaga/Bodlogo/Bodlogo1/bodlogo1/src/main/java/com/example/Controller.java (full report at: "C:\Dadlaga\Bodlogo\Bodlogo1\.metals\.reports\metals-full\2026-06-02\r_qdox-error_15-19-23-797.md")
2026.06.02 15:19:25 INFO  no build target found for C:\Dadlaga\Bodlogo\Bodlogo1\bodlogo1\src\main\java\com\example\Controller.java. Using fallback presentation compiler.
2026.06.02 15:19:25 INFO  no build target found for C:\Dadlaga\Bodlogo\Bodlogo1\bodlogo1\src\main\java\com\example\Controller.java. Using fallback presentation compiler.
2026.06.02 15:19:43 INFO  no build target found for C:\Dadlaga\Bodlogo\Bodlogo1\bodlogo1\src\main\java\com\example\Controller.java. Using fallback presentation compiler.
2026.06.02 15:19:44 INFO  no build target found for C:\Dadlaga\Bodlogo\Bodlogo1\bodlogo1\src\main\java\com\example\Controller.java. Using fallback presentation compiler.
2026.06.02 15:19:44 INFO  no build target found for C:\Dadlaga\Bodlogo\Bodlogo1\bodlogo1\src\main\java\com\example\Controller.java. Using fallback presentation compiler.
2026.06.02 15:19:55 INFO  no build target found for C:\Dadlaga\Bodlogo\Bodlogo1\bodlogo1\src\main\java\com\example\Controller.java. Using fallback presentation compiler.
2026.06.02 15:19:55 INFO  no build target found for C:\Dadlaga\Bodlogo\Bodlogo1\bodlogo1\src\main\java\com\example\Controller.java. Using fallback presentation compiler.
2026.06.02 15:19:55 WARN  Running javac-semanticdb failed for file:///C:/Dadlaga/Bodlogo/Bodlogo1/bodlogo1/src/main/java/com/example/Controller.java. Output:

2026.06.02 15:19:55 INFO  no build target found for C:\Dadlaga\Bodlogo\Bodlogo1\bodlogo1\src\main\java\com\example\Controller.java. Using fallback presentation compiler.
2026.06.02 15:19:55 INFO  no build target found for C:\Dadlaga\Bodlogo\Bodlogo1\bodlogo1\src\main\java\com\example\Controller.java. Using fallback presentation compiler.
2026.06.02 15:19:55 INFO  no build target found for C:\Dadlaga\Bodlogo\Bodlogo1\bodlogo1\src\main\java\com\example\Controller.java. Using fallback presentation compiler.
2026.06.02 15:19:55 INFO  no build target found for C:\Dadlaga\Bodlogo\Bodlogo1\bodlogo1\src\main\java\com\example\Controller.java. Using fallback presentation compiler.
2026.06.02 15:19:55 INFO  no build target found for C:\Dadlaga\Bodlogo\Bodlogo1\bodlogo1\src\main\java\com\example\Controller.java. Using fallback presentation compiler.
2026.06.02 15:19:56 INFO  no build target found for C:\Dadlaga\Bodlogo\Bodlogo1\bodlogo1\src\main\java\com\example\Controller.java. Using fallback presentation compiler.
2026.06.02 15:19:55 WARN  Running javac-semanticdb failed for file:///C:/Dadlaga/Bodlogo/Bodlogo1/bodlogo1/src/main/java/com/example/Controller.java. Output:

2026.06.02 15:19:56 INFO  no build target found for C:\Dadlaga\Bodlogo\Bodlogo1\bodlogo1\src\main\java\com\example\App.java. Using fallback presentation compiler.
2026.06.02 15:19:56 INFO  no build target found for C:\Dadlaga\Bodlogo\Bodlogo1\bodlogo1\src\main\java\com\example\Controller.java. Using fallback presentation compiler.
2026.06.02 15:19:56 WARN  no build target for: C:\Dadlaga\Bodlogo\Bodlogo1\bodlogo1\src\main\java\com\example\Controller.java
2026.06.02 15:19:56 INFO  no build target found for C:\Dadlaga\Bodlogo\Bodlogo1\bodlogo1\src\main\java\com\example\Controller.java. Using fallback presentation compiler.
2026.06.02 15:19:58 INFO  no build target found for C:\Dadlaga\Bodlogo\Bodlogo1\bodlogo1\src\main\java\com\example\App.java. Using fallback presentation compiler.
2026.06.02 15:19:58 WARN  no build target for: C:\Dadlaga\Bodlogo\Bodlogo1\bodlogo1\src\main\java\com\example\App.java
2026.06.02 15:19:58 INFO  no build target found for C:\Dadlaga\Bodlogo\Bodlogo1\bodlogo1\src\main\java\com\example\App.java. Using fallback presentation compiler.
2026.06.02 15:19:58 INFO  no build target found for C:\Dadlaga\Bodlogo\Bodlogo1\bodlogo1\src\main\java\com\example\App.java. Using fallback presentation compiler.
2026.06.02 15:19:58 INFO  no build target found for C:\Dadlaga\Bodlogo\Bodlogo1\bodlogo1\src\main\java\com\example\App.java. Using fallback presentation compiler.
2026.06.02 15:19:58 INFO  no build target found for C:\Dadlaga\Bodlogo\Bodlogo1\bodlogo1\src\main\java\com\example\App.java. Using fallback presentation compiler.
2026.06.02 15:20:01 INFO  no build target found for C:\Dadlaga\Bodlogo\Bodlogo1\bodlogo1\src\main\java\com\example\Controller.java. Using fallback presentation compiler.
2026.06.02 15:20:01 WARN  no build target for: C:\Dadlaga\Bodlogo\Bodlogo1\bodlogo1\src\main\java\com\example\Controller.java
2026.06.02 15:20:01 INFO  no build target found for C:\Dadlaga\Bodlogo\Bodlogo1\bodlogo1\src\main\java\com\example\Controller.java. Using fallback presentation compiler.
2026.06.02 15:20:02 INFO  no build target found for C:\Dadlaga\Bodlogo\Bodlogo1\bodlogo1\src\main\java\com\example\Controller.java. Using fallback presentation compiler.
2026.06.02 15:20:01 INFO  no build target found for C:\Dadlaga\Bodlogo\Bodlogo1\bodlogo1\src\main\java\com\example\Controller.java. Using fallback presentation compiler.
2026.06.02 15:20:03 INFO  no build target found for C:\Dadlaga\Bodlogo\Bodlogo1\bodlogo1\src\main\java\com\example\Controller.java. Using fallback presentation compiler.
2026.06.02 15:20:05 INFO  no build target found for C:\Dadlaga\Bodlogo\Bodlogo1\bodlogo1\src\main\java\com\example\Controller.java. Using fallback presentation compiler.
2026.06.02 15:20:15 INFO  no build target found for C:\Dadlaga\Bodlogo\Bodlogo1\bodlogo1\src\main\java\com\example\App.java. Using fallback presentation compiler.
2026.06.02 15:20:15 WARN  no build target for: C:\Dadlaga\Bodlogo\Bodlogo1\bodlogo1\src\main\java\com\example\App.java
2026.06.02 15:20:15 INFO  no build target found for C:\Dadlaga\Bodlogo\Bodlogo1\bodlogo1\src\main\java\com\example\App.java. Using fallback presentation compiler.
2026.06.02 15:20:15 INFO  no build target found for C:\Dadlaga\Bodlogo\Bodlogo1\bodlogo1\src\main\java\com\example\App.java. Using fallback presentation compiler.
2026.06.02 15:20:15 INFO  no build target found for C:\Dadlaga\Bodlogo\Bodlogo1\bodlogo1\src\main\java\com\example\App.java. Using fallback presentation compiler.
2026.06.02 15:20:15 INFO  no build target found for C:\Dadlaga\Bodlogo\Bodlogo1\bodlogo1\src\main\java\com\example\App.java. Using fallback presentation compiler.
2026.06.02 15:20:22 INFO  no build target found for C:\Dadlaga\Bodlogo\Bodlogo1\bodlogo1\src\main\java\com\example\Controller.java. Using fallback presentation compiler.
2026.06.02 15:20:22 WARN  no build target for: C:\Dadlaga\Bodlogo\Bodlogo1\bodlogo1\src\main\java\com\example\Controller.java
2026.06.02 15:20:22 INFO  no build target found for C:\Dadlaga\Bodlogo\Bodlogo1\bodlogo1\src\main\java\com\example\Controller.java. Using fallback presentation compiler.
2026.06.02 15:20:24 INFO  no build target found for C:\Dadlaga\Bodlogo\Bodlogo1\bodlogo1\src\main\java\com\example\Controller.java. Using fallback presentation compiler.
2026.06.02 15:20:25 INFO  no build target found for C:\Dadlaga\Bodlogo\Bodlogo1\bodlogo1\src\main\java\com\example\Controller.java. Using fallback presentation compiler.
2026.06.02 15:20:35 INFO  no build target found for C:\Dadlaga\Bodlogo\Bodlogo1\bodlogo1\src\main\java\com\example\Controller.java. Using fallback presentation compiler.
2026.06.02 15:20:35 INFO  no build target found for C:\Dadlaga\Bodlogo\Bodlogo1\bodlogo1\src\main\java\com\example\Controller.java. Using fallback presentation compiler.
2026.06.02 15:20:35 INFO  no build target found for C:\Dadlaga\Bodlogo\Bodlogo1\bodlogo1\src\main\java\com\example\Controller.java. Using fallback presentation compiler.
2026.06.02 15:21:03 INFO  no build target found for C:\Dadlaga\Bodlogo\Bodlogo1\bodlogo1\src\main\java\com\example\Controller.java. Using fallback presentation compiler.
2026.06.02 15:21:03 INFO  no build target found for C:\Dadlaga\Bodlogo\Bodlogo1\bodlogo1\src\main\java\com\example\Controller.java. Using fallback presentation compiler.
2026.06.02 15:21:03 INFO  no build target found for C:\Dadlaga\Bodlogo\Bodlogo1\bodlogo1\src\main\java\com\example\Controller.java. Using fallback presentation compiler.
2026.06.02 15:21:10 INFO  no build target found for C:\Dadlaga\Bodlogo\Bodlogo1\bodlogo1\src\main\java\com\example\Controller.java. Using fallback presentation compiler.
2026.06.02 15:21:10 INFO  no build target found for C:\Dadlaga\Bodlogo\Bodlogo1\bodlogo1\src\main\java\com\example\Controller.java. Using fallback presentation compiler.
2026.06.02 15:21:28 INFO  no build target found for C:\Dadlaga\Bodlogo\Bodlogo1\bodlogo1\src\main\java\com\example\App.java. Using fallback presentation compiler.
2026.06.02 15:21:28 WARN  no build target for: C:\Dadlaga\Bodlogo\Bodlogo1\bodlogo1\src\main\java\com\example\App.java
2026.06.02 15:21:28 INFO  no build target found for C:\Dadlaga\Bodlogo\Bodlogo1\bodlogo1\src\main\java\com\example\App.java. Using fallback presentation compiler.
2026.06.02 15:21:28 INFO  no build target found for C:\Dadlaga\Bodlogo\Bodlogo1\bodlogo1\src\main\java\com\example\App.java. Using fallback presentation compiler.
2026.06.02 15:21:28 INFO  no build target found for C:\Dadlaga\Bodlogo\Bodlogo1\bodlogo1\src\main\java\com\example\App.java. Using fallback presentation compiler.
2026.06.02 15:21:28 INFO  no build target found for C:\Dadlaga\Bodlogo\Bodlogo1\bodlogo1\src\main\java\com\example\App.java. Using fallback presentation compiler.
2026.06.02 15:21:33 INFO  no build target found for C:\Dadlaga\Bodlogo\Bodlogo1\bodlogo1\src\main\java\com\example\App.java. Using fallback presentation compiler.
2026.06.02 15:21:34 INFO  no build target found for C:\Dadlaga\Bodlogo\Bodlogo1\bodlogo1\src\main\java\com\example\App.java. Using fallback presentation compiler.
2026.06.02 15:21:34 INFO  no build target found for C:\Dadlaga\Bodlogo\Bodlogo1\bodlogo1\src\main\java\com\example\App.java. Using fallback presentation compiler.
2026.06.02 15:21:34 INFO  no build target found for C:\Dadlaga\Bodlogo\Bodlogo1\bodlogo1\src\main\java\com\example\App.java. Using fallback presentation compiler.
2026.06.02 15:21:35 INFO  no build target found for C:\Dadlaga\Bodlogo\Bodlogo1\bodlogo1\src\main\java\com\example\App.java. Using fallback presentation compiler.
2026.06.02 15:21:35 INFO  no build target found for C:\Dadlaga\Bodlogo\Bodlogo1\bodlogo1\src\main\java\com\example\App.java. Using fallback presentation compiler.
2026.06.02 15:21:34 INFO  no build target found for C:\Dadlaga\Bodlogo\Bodlogo1\bodlogo1\src\main\java\com\example\App.java. Using fallback presentation compiler.
2026.06.02 15:21:35 INFO  no build target found for C:\Dadlaga\Bodlogo\Bodlogo1\bodlogo1\src\main\java\com\example\App.java. Using fallback presentation compiler.
2026.06.02 15:21:35 INFO  no build target found for C:\Dadlaga\Bodlogo\Bodlogo1\bodlogo1\src\main\java\com\example\App.java. Using fallback presentation compiler.
2026.06.02 15:21:35 INFO  Created report: Optional[file:///C:/Dadlaga/Bodlogo/Bodlogo1/bodlogo1/src/main/java/com/example/App.java]
2026.06.02 15:21:35 INFO  empty definition using pc, found symbol in pc: _empty_/Stage# (full report at: "C:\Dadlaga\Bodlogo\Bodlogo1\.metals\.reports\metals-full\2026-06-02\r_empty-definition_15-21-35-640.md")
2026.06.02 15:21:35 INFO  Created report: Optional[file:///C:/Dadlaga/Bodlogo/Bodlogo1/bodlogo1/src/main/java/com/example/App.java]
2026.06.02 15:21:35 INFO  empty definition using pc, found symbol in pc: _empty_/Scene# (full report at: "C:\Dadlaga\Bodlogo\Bodlogo1\.metals\.reports\metals-full\2026-06-02\r_empty-definition_15-21-35-659.md")
2026.06.02 15:21:34 INFO  no build target found for C:\Dadlaga\Bodlogo\Bodlogo1\bodlogo1\src\main\java\com\example\App.java. Using fallback presentation compiler.
2026.06.02 15:21:36 INFO  no build target found for C:\Dadlaga\Bodlogo\Bodlogo1\bodlogo1\src\main\java\com\example\App.java. Using fallback presentation compiler.
2026.06.02 15:21:54 INFO  no build target found for C:\Dadlaga\Bodlogo\Bodlogo1\bodlogo1\src\main\java\com\example\App.java. Using fallback presentation compiler.
2026.06.02 15:21:55 INFO  no build target found for C:\Dadlaga\Bodlogo\Bodlogo1\bodlogo1\src\main\java\com\example\App.java. Using fallback presentation compiler.
2026.06.02 15:21:55 INFO  no build target found for C:\Dadlaga\Bodlogo\Bodlogo1\bodlogo1\src\main\java\com\example\App.java. Using fallback presentation compiler.
2026.06.02 15:22:09 INFO  no build target found for C:\Dadlaga\Bodlogo\Bodlogo1\bodlogo1\src\main\java\com\example\Controller.java. Using fallback presentation compiler.
2026.06.02 15:22:09 WARN  no build target for: C:\Dadlaga\Bodlogo\Bodlogo1\bodlogo1\src\main\java\com\example\Controller.java
2026.06.02 15:22:09 INFO  no build target found for C:\Dadlaga\Bodlogo\Bodlogo1\bodlogo1\src\main\java\com\example\Controller.java. Using fallback presentation compiler.
2026.06.02 15:22:09 INFO  no build target found for C:\Dadlaga\Bodlogo\Bodlogo1\bodlogo1\src\main\java\com\example\Controller.java. Using fallback presentation compiler.
2026.06.02 15:22:09 INFO  no build target found for C:\Dadlaga\Bodlogo\Bodlogo1\bodlogo1\src\main\java\com\example\Controller.java. Using fallback presentation compiler.
2026.06.02 15:22:10 INFO  no build target found for C:\Dadlaga\Bodlogo\Bodlogo1\bodlogo1\src\main\java\com\example\Controller.java. Using fallback presentation compiler.
2026.06.02 15:22:10 INFO  no build target found for C:\Dadlaga\Bodlogo\Bodlogo1\bodlogo1\src\main\java\com\example\Controller.java. Using fallback presentation compiler.
2026.06.02 15:22:10 INFO  no build target found for C:\Dadlaga\Bodlogo\Bodlogo1\bodlogo1\src\main\java\com\example\Controller.java. Using fallback presentation compiler.
2026.06.02 15:22:10 INFO  no build target found for C:\Dadlaga\Bodlogo\Bodlogo1\bodlogo1\src\main\java\com\example\Controller.java. Using fallback presentation compiler.
2026.06.02 15:22:10 INFO  no build target found for C:\Dadlaga\Bodlogo\Bodlogo1\bodlogo1\src\main\java\com\example\Controller.java. Using fallback presentation compiler.
2026.06.02 15:22:10 INFO  no build target found for C:\Dadlaga\Bodlogo\Bodlogo1\bodlogo1\src\main\java\com\example\Controller.java. Using fallback presentation compiler.
2026.06.02 15:22:11 WARN  no build target for: C:\Dadlaga\Bodlogo\Bodlogo1\bodlogo1\src\main\java\com\example\Controller.java
2026.06.02 15:22:11 INFO  no build target found for C:\Dadlaga\Bodlogo\Bodlogo1\bodlogo1\src\main\java\com\example\Controller.java. Using fallback presentation compiler.
2026.06.02 15:22:45 INFO  no build target found for C:\Dadlaga\Bodlogo\Bodlogo1\bodlogo1\src\main\java\com\example\App.java. Using fallback presentation compiler.
2026.06.02 15:22:45 WARN  no build target for: C:\Dadlaga\Bodlogo\Bodlogo1\bodlogo1\src\main\java\com\example\App.java
2026.06.02 15:22:45 INFO  no build target found for C:\Dadlaga\Bodlogo\Bodlogo1\bodlogo1\src\main\java\com\example\App.java. Using fallback presentation compiler.
2026.06.02 15:22:45 INFO  no build target found for C:\Dadlaga\Bodlogo\Bodlogo1\bodlogo1\src\main\java\com\example\App.java. Using fallback presentation compiler.
Jun 02, 2026 3:22:45 PM org.eclipse.lsp4j.jsonrpc.RemoteEndpoint handleCancellation
WARNING: Unmatched cancel notification for request id 375
2026.06.02 15:22:45 INFO  no build target found for C:\Dadlaga\Bodlogo\Bodlogo1\bodlogo1\src\main\java\com\example\App.java. Using fallback presentation compiler.
2026.06.02 15:22:45 INFO  no build target found for C:\Dadlaga\Bodlogo\Bodlogo1\bodlogo1\src\main\java\com\example\App.java. Using fallback presentation compiler.
2026.06.02 15:22:55 INFO  no build target found for C:\Dadlaga\Bodlogo\Bodlogo1\bodlogo1\src\main\java\com\example\App.java. Using fallback presentation compiler.
2026.06.02 15:22:56 INFO  no build target found for C:\Dadlaga\Bodlogo\Bodlogo1\bodlogo1\src\main\java\com\example\Controller.java. Using fallback presentation compiler.
2026.06.02 15:22:56 WARN  no build target for: C:\Dadlaga\Bodlogo\Bodlogo1\bodlogo1\src\main\java\com\example\Controller.java
2026.06.02 15:22:56 INFO  no build target found for C:\Dadlaga\Bodlogo\Bodlogo1\bodlogo1\src\main\java\com\example\Controller.java. Using fallback presentation compiler.
2026.06.02 15:22:56 INFO  no build target found for C:\Dadlaga\Bodlogo\Bodlogo1\bodlogo1\src\main\java\com\example\Controller.java. Using fallback presentation compiler.
2026.06.02 15:22:56 INFO  no build target found for C:\Dadlaga\Bodlogo\Bodlogo1\bodlogo1\src\main\java\com\example\Controller.java. Using fallback presentation compiler.
2026.06.02 15:24:58 INFO  no build target found for C:\Dadlaga\Bodlogo\Bodlogo1\bodlogo1\src\main\java\com\example\App.java. Using fallback presentation compiler.
2026.06.02 15:24:58 WARN  no build target for: C:\Dadlaga\Bodlogo\Bodlogo1\bodlogo1\src\main\java\com\example\App.java
2026.06.02 15:24:58 INFO  no build target found for C:\Dadlaga\Bodlogo\Bodlogo1\bodlogo1\src\main\java\com\example\App.java. Using fallback presentation compiler.
2026.06.02 15:24:58 INFO  no build target found for C:\Dadlaga\Bodlogo\Bodlogo1\bodlogo1\src\main\java\com\example\App.java. Using fallback presentation compiler.
2026.06.02 15:24:58 INFO  no build target found for C:\Dadlaga\Bodlogo\Bodlogo1\bodlogo1\src\main\java\com\example\App.java. Using fallback presentation compiler.
2026.06.02 15:24:58 INFO  no build target found for C:\Dadlaga\Bodlogo\Bodlogo1\bodlogo1\src\main\java\com\example\App.java. Using fallback presentation compiler.
2026.06.02 15:25:09 INFO  no build target found for C:\Dadlaga\Bodlogo\Bodlogo1\bodlogo1\src\main\java\com\example\App.java. Using fallback presentation compiler.
2026.06.02 15:25:11 INFO  no build target found for C:\Dadlaga\Bodlogo\Bodlogo1\bodlogo1\src\main\java\com\example\App.java. Using fallback presentation compiler.
2026.06.02 15:25:12 INFO  no build target found for C:\Dadlaga\Bodlogo\Bodlogo1\bodlogo1\src\main\java\com\example\App.java. Using fallback presentation compiler.
2026.06.02 15:25:12 INFO  no build target found for C:\Dadlaga\Bodlogo\Bodlogo1\bodlogo1\src\main\java\com\example\App.java. Using fallback presentation compiler.
2026.06.02 15:25:12 INFO  no build target found for C:\Dadlaga\Bodlogo\Bodlogo1\bodlogo1\src\main\java\com\example\App.java. Using fallback presentation compiler.
2026.06.02 15:25:18 INFO  no build target found for C:\Dadlaga\Bodlogo\Bodlogo1\bodlogo1\src\main\java\com\example\App.java. Using fallback presentation compiler.
Jun 02, 2026 3:25:18 PM org.eclipse.lsp4j.jsonrpc.RemoteEndpoint handleCancellation
WARNING: Unmatched cancel notification for request id 423
2026.06.02 15:25:18 INFO  no build target found for C:\Dadlaga\Bodlogo\Bodlogo1\bodlogo1\src\main\java\com\example\App.java. Using fallback presentation compiler.
2026.06.02 15:25:20 INFO  no build target found for C:\Dadlaga\Bodlogo\Bodlogo1\bodlogo1\src\main\java\com\example\App.java. Using fallback presentation compiler.
2026.06.02 15:25:20 INFO  no build target found for C:\Dadlaga\Bodlogo\Bodlogo1\bodlogo1\src\main\java\com\example\App.java. Using fallback presentation compiler.
2026.06.02 15:25:20 INFO  no build target found for C:\Dadlaga\Bodlogo\Bodlogo1\bodlogo1\src\main\java\com\example\App.java. Using fallback presentation compiler.
2026.06.02 15:25:31 INFO  no build target found for C:\Dadlaga\Bodlogo\Bodlogo1\bodlogo1\src\main\java\com\example\App.java. Using fallback presentation compiler.
2026.06.02 15:25:31 INFO  no build target found for C:\Dadlaga\Bodlogo\Bodlogo1\bodlogo1\src\main\java\com\example\App.java. Using fallback presentation compiler.
2026.06.02 15:25:31 INFO  no build target found for C:\Dadlaga\Bodlogo\Bodlogo1\bodlogo1\src\main\java\com\example\App.java. Using fallback presentation compiler.
2026.06.02 15:25:32 INFO  no build target found for C:\Dadlaga\Bodlogo\Bodlogo1\bodlogo1\src\main\java\com\example\App.java. Using fallback presentation compiler.
2026.06.02 15:25:32 INFO  no build target found for C:\Dadlaga\Bodlogo\Bodlogo1\bodlogo1\src\main\java\com\example\App.java. Using fallback presentation compiler.
2026.06.02 15:25:32 INFO  no build target found for C:\Dadlaga\Bodlogo\Bodlogo1\bodlogo1\src\main\java\com\example\App.java. Using fallback presentation compiler.
2026.06.02 15:25:32 INFO  no build target found for C:\Dadlaga\Bodlogo\Bodlogo1\bodlogo1\src\main\java\com\example\App.java. Using fallback presentation compiler.
2026.06.02 15:25:33 INFO  no build target found for C:\Dadlaga\Bodlogo\Bodlogo1\bodlogo1\src\main\java\com\example\App.java. Using fallback presentation compiler.
2026.06.02 15:25:33 INFO  no build target found for C:\Dadlaga\Bodlogo\Bodlogo1\bodlogo1\src\main\java\com\example\App.java. Using fallback presentation compiler.
2026.06.02 15:25:35 INFO  no build target found for C:\Dadlaga\Bodlogo\Bodlogo1\bodlogo1\src\main\java\com\example\App.java. Using fallback presentation compiler.
2026.06.02 15:25:35 INFO  no build target found for C:\Dadlaga\Bodlogo\Bodlogo1\bodlogo1\src\main\java\com\example\App.java. Using fallback presentation compiler.
2026.06.02 15:25:35 INFO  no build target found for C:\Dadlaga\Bodlogo\Bodlogo1\bodlogo1\src\main\java\com\example\App.java. Using fallback presentation compiler.
2026.06.02 15:25:36 INFO  no build target found for C:\Dadlaga\Bodlogo\Bodlogo1\bodlogo1\src\main\java\com\example\App.java. Using fallback presentation compiler.
2026.06.02 15:25:36 INFO  no build target found for C:\Dadlaga\Bodlogo\Bodlogo1\bodlogo1\src\main\java\com\example\App.java. Using fallback presentation compiler.
2026.06.02 15:25:36 INFO  no build target found for C:\Dadlaga\Bodlogo\Bodlogo1\bodlogo1\src\main\java\com\example\App.java. Using fallback presentation compiler.
2026.06.02 15:25:36 WARN  no build target for: C:\Dadlaga\Bodlogo\Bodlogo1\bodlogo1\src\main\java\com\example\App.java
2026.06.02 15:25:37 INFO  no build target found for C:\Dadlaga\Bodlogo\Bodlogo1\bodlogo1\src\main\java\com\example\App.java. Using fallback presentation compiler.
2026.06.02 15:25:36 INFO  no build target found for C:\Dadlaga\Bodlogo\Bodlogo1\bodlogo1\src\main\java\com\example\App.java. Using fallback presentation compiler.
2026.06.02 15:25:38 INFO  no build target found for C:\Dadlaga\Bodlogo\Bodlogo1\bodlogo1\src\main\java\com\example\App.java. Using fallback presentation compiler.
2026.06.02 15:27:23 INFO  no build target found for C:\Dadlaga\Bodlogo\Bodlogo1\bodlogo1\src\main\java\com\example\Controller.java. Using fallback presentation compiler.
2026.06.02 15:27:23 WARN  no build target for: C:\Dadlaga\Bodlogo\Bodlogo1\bodlogo1\src\main\java\com\example\Controller.java
2026.06.02 15:27:23 INFO  no build target found for C:\Dadlaga\Bodlogo\Bodlogo1\bodlogo1\src\main\java\com\example\Controller.java. Using fallback presentation compiler.
2026.06.02 15:27:23 INFO  no build target found for C:\Dadlaga\Bodlogo\Bodlogo1\bodlogo1\src\main\java\com\example\Controller.java. Using fallback presentation compiler.
2026.06.02 15:27:23 INFO  no build target found for C:\Dadlaga\Bodlogo\Bodlogo1\bodlogo1\src\main\java\com\example\Controller.java. Using fallback presentation compiler.
2026.06.02 15:27:23 INFO  no build target found for C:\Dadlaga\Bodlogo\Bodlogo1\bodlogo1\src\main\java\com\example\App.java. Using fallback presentation compiler.
2026.06.02 15:27:24 WARN  no build target for: C:\Dadlaga\Bodlogo\Bodlogo1\bodlogo1\src\main\java\com\example\App.java
2026.06.02 15:27:23 INFO  no build target found for C:\Dadlaga\Bodlogo\Bodlogo1\bodlogo1\src\main\java\com\example\App.java. Using fallback presentation compiler.
2026.06.02 15:27:24 INFO  no build target found for C:\Dadlaga\Bodlogo\Bodlogo1\bodlogo1\src\main\java\com\example\App.java. Using fallback presentation compiler.
2026.06.02 15:27:23 INFO  no build target found for C:\Dadlaga\Bodlogo\Bodlogo1\bodlogo1\src\main\java\com\example\App.java. Using fallback presentation compiler.
2026.06.02 15:27:25 INFO  no build target found for C:\Dadlaga\Bodlogo\Bodlogo1\bodlogo1\src\main\java\com\example\App.java. Using fallback presentation compiler.
2026.06.02 15:29:10 INFO  no build target found for C:\Dadlaga\Bodlogo\Bodlogo1\bodlogo1\src\main\java\com\example\Controller.java. Using fallback presentation compiler.
2026.06.02 15:29:10 WARN  no build target for: C:\Dadlaga\Bodlogo\Bodlogo1\bodlogo1\src\main\java\com\example\Controller.java
2026.06.02 15:29:10 INFO  no build target found for C:\Dadlaga\Bodlogo\Bodlogo1\bodlogo1\src\main\java\com\example\Controller.java. Using fallback presentation compiler.
2026.06.02 15:29:11 INFO  no build target found for C:\Dadlaga\Bodlogo\Bodlogo1\bodlogo1\src\main\java\com\example\Controller.java. Using fallback presentation compiler.
2026.06.02 15:29:10 INFO  no build target found for C:\Dadlaga\Bodlogo\Bodlogo1\bodlogo1\src\main\java\com\example\Controller.java. Using fallback presentation compiler.
2026.06.02 15:29:14 INFO  no build target found for C:\Dadlaga\Bodlogo\Bodlogo1\bodlogo1\src\main\java\com\example\Controller.java. Using fallback presentation compiler.
2026.06.02 15:29:14 INFO  no build target found for C:\Dadlaga\Bodlogo\Bodlogo1\bodlogo1\src\main\java\com\example\Controller.java. Using fallback presentation compiler.
2026.06.02 15:29:14 INFO  no build target found for C:\Dadlaga\Bodlogo\Bodlogo1\bodlogo1\src\main\java\com\example\Controller.java. Using fallback presentation compiler.
2026.06.02 15:29:14 INFO  no build target found for C:\Dadlaga\Bodlogo\Bodlogo1\bodlogo1\src\main\java\com\example\Controller.java. Using fallback presentation compiler.
2026.06.02 15:29:16 INFO  no build target found for C:\Dadlaga\Bodlogo\Bodlogo1\bodlogo1\src\main\java\com\example\Controller.java. Using fallback presentation compiler.
2026.06.02 15:29:17 INFO  no build target found for C:\Dadlaga\Bodlogo\Bodlogo1\bodlogo1\src\main\java\com\example\Controller.java. Using fallback presentation compiler.
2026.06.02 15:29:17 INFO  no build target found for C:\Dadlaga\Bodlogo\Bodlogo1\bodlogo1\src\main\java\com\example\Controller.java. Using fallback presentation compiler.
2026.06.02 15:29:18 INFO  no build target found for C:\Dadlaga\Bodlogo\Bodlogo1\bodlogo1\src\main\java\com\example\Controller.java. Using fallback presentation compiler.
2026.06.02 15:29:21 INFO  no build target found for C:\Dadlaga\Bodlogo\Bodlogo1\bodlogo1\src\main\java\com\example\Controller.java. Using fallback presentation compiler.
2026.06.02 15:29:22 INFO  no build target found for C:\Dadlaga\Bodlogo\Bodlogo1\bodlogo1\src\main\java\com\example\Controller.java. Using fallback presentation compiler.
2026.06.02 15:29:21 INFO  no build target found for C:\Dadlaga\Bodlogo\Bodlogo1\bodlogo1\src\main\java\com\example\Controller.java. Using fallback presentation compiler.
2026.06.02 15:29:22 INFO  no build target found for C:\Dadlaga\Bodlogo\Bodlogo1\bodlogo1\src\main\java\com\example\Controller.java. Using fallback presentation compiler.
2026.06.02 15:29:21 INFO  no build target found for C:\Dadlaga\Bodlogo\Bodlogo1\bodlogo1\src\main\java\com\example\Controller.java. Using fallback presentation compiler.
2026.06.02 15:29:23 INFO  no build target found for C:\Dadlaga\Bodlogo\Bodlogo1\bodlogo1\src\main\java\com\example\Controller.java. Using fallback presentation compiler.
2026.06.02 15:29:23 INFO  no build target found for C:\Dadlaga\Bodlogo\Bodlogo1\bodlogo1\src\main\java\com\example\Controller.java. Using fallback presentation compiler.
2026.06.02 15:29:22 INFO  no build target found for C:\Dadlaga\Bodlogo\Bodlogo1\bodlogo1\src\main\java\com\example\Controller.java. Using fallback presentation compiler.
2026.06.02 15:29:24 INFO  no build target found for C:\Dadlaga\Bodlogo\Bodlogo1\bodlogo1\src\main\java\com\example\Controller.java. Using fallback presentation compiler.
2026.06.02 15:29:24 INFO  no build target found for C:\Dadlaga\Bodlogo\Bodlogo1\bodlogo1\src\main\java\com\example\Controller.java. Using fallback presentation compiler.
2026.06.02 15:29:25 INFO  no build target found for C:\Dadlaga\Bodlogo\Bodlogo1\bodlogo1\src\main\java\com\example\Controller.java. Using fallback presentation compiler.
2026.06.02 15:29:25 INFO  no build target found for C:\Dadlaga\Bodlogo\Bodlogo1\bodlogo1\src\main\java\com\example\Controller.java. Using fallback presentation compiler.
2026.06.02 15:29:27 INFO  no build target found for C:\Dadlaga\Bodlogo\Bodlogo1\bodlogo1\src\main\java\com\example\Controller.java. Using fallback presentation compiler.
2026.06.02 15:29:27 INFO  no build target found for C:\Dadlaga\Bodlogo\Bodlogo1\bodlogo1\src\main\java\com\example\Controller.java. Using fallback presentation compiler.
Jun 02, 2026 3:29:27 PM org.eclipse.lsp4j.jsonrpc.RemoteEndpoint handleCancellation
WARNING: Unmatched cancel notification for request id 555
2026.06.02 15:29:27 INFO  no build target found for C:\Dadlaga\Bodlogo\Bodlogo1\bodlogo1\src\main\java\com\example\Controller.java. Using fallback presentation compiler.
2026.06.02 15:29:27 INFO  no build target found for C:\Dadlaga\Bodlogo\Bodlogo1\bodlogo1\src\main\java\com\example\Controller.java. Using fallback presentation compiler.
2026.06.02 15:29:27 INFO  no build target found for C:\Dadlaga\Bodlogo\Bodlogo1\bodlogo1\src\main\java\com\example\Controller.java. Using fallback presentation compiler.
2026.06.02 15:29:27 INFO  no build target found for C:\Dadlaga\Bodlogo\Bodlogo1\bodlogo1\src\main\java\com\example\Controller.java. Using fallback presentation compiler.
2026.06.02 15:29:28 WARN  no build target for: C:\Dadlaga\Bodlogo\Bodlogo1\bodlogo1\src\main\java\com\example\Controller.java
2026.06.02 15:29:28 INFO  no build target found for C:\Dadlaga\Bodlogo\Bodlogo1\bodlogo1\src\main\java\com\example\Controller.java. Using fallback presentation compiler.
2026.06.02 15:29:30 INFO  no build target found for C:\Dadlaga\Bodlogo\Bodlogo1\bodlogo1\src\main\java\com\example\Controller.java. Using fallback presentation compiler.
2026.06.02 15:29:30 INFO  no build target found for C:\Dadlaga\Bodlogo\Bodlogo1\bodlogo1\src\main\java\com\example\Controller.java. Using fallback presentation compiler.
2026.06.02 15:29:30 INFO  no build target found for C:\Dadlaga\Bodlogo\Bodlogo1\bodlogo1\src\main\java\com\example\Controller.java. Using fallback presentation compiler.
2026.06.02 15:29:30 INFO  no build target found for C:\Dadlaga\Bodlogo\Bodlogo1\bodlogo1\src\main\java\com\example\Controller.java. Using fallback presentation compiler.
2026.06.02 15:29:30 INFO  no build target found for C:\Dadlaga\Bodlogo\Bodlogo1\bodlogo1\src\main\java\com\example\Controller.java. Using fallback presentation compiler.
2026.06.02 15:29:31 INFO  no build target found for C:\Dadlaga\Bodlogo\Bodlogo1\bodlogo1\src\main\java\com\example\Controller.java. Using fallback presentation compiler.
2026.06.02 15:29:31 INFO  no build target found for C:\Dadlaga\Bodlogo\Bodlogo1\bodlogo1\src\main\java\com\example\Controller.java. Using fallback presentation compiler.
2026.06.02 15:29:31 INFO  no build target found for C:\Dadlaga\Bodlogo\Bodlogo1\bodlogo1\src\main\java\com\example\Controller.java. Using fallback presentation compiler.
2026.06.02 15:29:31 INFO  no build target found for C:\Dadlaga\Bodlogo\Bodlogo1\bodlogo1\src\main\java\com\example\Controller.java. Using fallback presentation compiler.
2026.06.02 15:29:32 INFO  no build target found for C:\Dadlaga\Bodlogo\Bodlogo1\bodlogo1\src\main\java\com\example\Controller.java. Using fallback presentation compiler.
2026.06.02 15:29:31 INFO  no build target found for C:\Dadlaga\Bodlogo\Bodlogo1\bodlogo1\src\main\java\com\example\Controller.java. Using fallback presentation compiler.
2026.06.02 15:29:32 WARN  no build target for: C:\Dadlaga\Bodlogo\Bodlogo1\bodlogo1\src\main\java\com\example\Controller.java
2026.06.02 15:29:32 INFO  no build target found for C:\Dadlaga\Bodlogo\Bodlogo1\bodlogo1\src\main\java\com\example\Controller.java. Using fallback presentation compiler.
2026.06.02 15:29:33 INFO  no build target found for C:\Dadlaga\Bodlogo\Bodlogo1\bodlogo1\src\main\java\com\example\Controller.java. Using fallback presentation compiler.
2026.06.02 15:29:34 INFO  no build target found for C:\Dadlaga\Bodlogo\Bodlogo1\bodlogo1\src\main\java\com\example\Controller.java. Using fallback presentation compiler.
2026.06.02 15:29:34 INFO  no build target found for C:\Dadlaga\Bodlogo\Bodlogo1\bodlogo1\src\main\java\com\example\Controller.java. Using fallback presentation compiler.
2026.06.02 15:29:35 WARN  Running javac-semanticdb failed for file:///C:/Dadlaga/Bodlogo/Bodlogo1/bodlogo1/src/main/java/com/example/Controller.java. Output:

2026.06.02 15:29:35 INFO  no build target found for C:\Dadlaga\Bodlogo\Bodlogo1\bodlogo1\src\main\java\com\example\Controller.java. Using fallback presentation compiler.
2026.06.02 15:29:34 INFO  no build target found for C:\Dadlaga\Bodlogo\Bodlogo1\bodlogo1\src\main\java\com\example\Controller.java. Using fallback presentation compiler.
2026.06.02 15:29:34 INFO  no build target found for C:\Dadlaga\Bodlogo\Bodlogo1\bodlogo1\src\main\java\com\example\Controller.java. Using fallback presentation compiler.
2026.06.02 15:29:35 WARN  Running javac-semanticdb failed for file:///C:/Dadlaga/Bodlogo/Bodlogo1/bodlogo1/src/main/java/com/example/Controller.java. Output:

2026.06.02 15:29:35 INFO  no build target found for C:\Dadlaga\Bodlogo\Bodlogo1\bodlogo1\src\main\java\com\example\Controller.java. Using fallback presentation compiler.
2026.06.02 15:29:35 INFO  no build target found for C:\Dadlaga\Bodlogo\Bodlogo1\bodlogo1\src\main\java\com\example\Controller.java. Using fallback presentation compiler.
2026.06.02 15:29:36 WARN  no build target for: C:\Dadlaga\Bodlogo\Bodlogo1\bodlogo1\src\main\java\com\example\Controller.java
2026.06.02 15:29:36 INFO  no build target found for C:\Dadlaga\Bodlogo\Bodlogo1\bodlogo1\src\main\java\com\example\Controller.java. Using fallback presentation compiler.
2026.06.02 15:29:39 INFO  no build target found for C:\Dadlaga\Bodlogo\Bodlogo1\bodlogo1\src\main\java\com\example\Controller.java. Using fallback presentation compiler.
2026.06.02 15:29:39 INFO  no build target found for C:\Dadlaga\Bodlogo\Bodlogo1\bodlogo1\src\main\java\com\example\Controller.java. Using fallback presentation compiler.
2026.06.02 15:29:39 INFO  no build target found for C:\Dadlaga\Bodlogo\Bodlogo1\bodlogo1\src\main\java\com\example\Controller.java. Using fallback presentation compiler.
2026.06.02 15:29:41 INFO  no build target found for C:\Dadlaga\Bodlogo\Bodlogo1\bodlogo1\src\main\java\com\example\Controller.java. Using fallback presentation compiler.
2026.06.02 15:29:41 INFO  no build target found for C:\Dadlaga\Bodlogo\Bodlogo1\bodlogo1\src\main\java\com\example\Controller.java. Using fallback presentation compiler.
2026.06.02 15:29:41 INFO  no build target found for C:\Dadlaga\Bodlogo\Bodlogo1\bodlogo1\src\main\java\com\example\Controller.java. Using fallback presentation compiler.
2026.06.02 15:29:42 INFO  no build target found for C:\Dadlaga\Bodlogo\Bodlogo1\bodlogo1\src\main\java\com\example\Controller.java. Using fallback presentation compiler.
2026.06.02 15:29:42 INFO  no build target found for C:\Dadlaga\Bodlogo\Bodlogo1\bodlogo1\src\main\java\com\example\Controller.java. Using fallback presentation compiler.
2026.06.02 15:29:43 INFO  no build target found for C:\Dadlaga\Bodlogo\Bodlogo1\bodlogo1\src\main\java\com\example\Controller.java. Using fallback presentation compiler.
2026.06.02 15:29:42 INFO  no build target found for C:\Dadlaga\Bodlogo\Bodlogo1\bodlogo1\src\main\java\com\example\Controller.java. Using fallback presentation compiler.
2026.06.02 15:29:43 INFO  no build target found for C:\Dadlaga\Bodlogo\Bodlogo1\bodlogo1\src\main\java\com\example\Controller.java. Using fallback presentation compiler.
2026.06.02 15:29:43 WARN  no build target for: C:\Dadlaga\Bodlogo\Bodlogo1\bodlogo1\src\main\java\com\example\Controller.java
2026.06.02 15:29:43 INFO  no build target found for C:\Dadlaga\Bodlogo\Bodlogo1\bodlogo1\src\main\java\com\example\Controller.java. Using fallback presentation compiler.
2026.06.02 15:29:45 INFO  no build target found for C:\Dadlaga\Bodlogo\Bodlogo1\bodlogo1\src\main\java\com\example\Controller.java. Using fallback presentation compiler.
2026.06.02 15:29:45 INFO  no build target found for C:\Dadlaga\Bodlogo\Bodlogo1\bodlogo1\src\main\java\com\example\Controller.java. Using fallback presentation compiler.
2026.06.02 15:29:45 INFO  no build target found for C:\Dadlaga\Bodlogo\Bodlogo1\bodlogo1\src\main\java\com\example\Controller.java. Using fallback presentation compiler.
2026.06.02 15:29:46 INFO  no build target found for C:\Dadlaga\Bodlogo\Bodlogo1\bodlogo1\src\main\java\com\example\Controller.java. Using fallback presentation compiler.
2026.06.02 15:29:46 INFO  no build target found for C:\Dadlaga\Bodlogo\Bodlogo1\bodlogo1\src\main\java\com\example\Controller.java. Using fallback presentation compiler.
2026.06.02 15:29:46 INFO  no build target found for C:\Dadlaga\Bodlogo\Bodlogo1\bodlogo1\src\main\java\com\example\Controller.java. Using fallback presentation compiler.
Jun 02, 2026 3:29:46 PM org.eclipse.lsp4j.jsonrpc.RemoteEndpoint handleCancellation
WARNING: Unmatched cancel notification for request id 640
2026.06.02 15:29:46 INFO  no build target found for C:\Dadlaga\Bodlogo\Bodlogo1\bodlogo1\src\main\java\com\example\Controller.java. Using fallback presentation compiler.
2026.06.02 15:29:46 WARN  no build target for: C:\Dadlaga\Bodlogo\Bodlogo1\bodlogo1\src\main\java\com\example\Controller.java
2026.06.02 15:29:46 INFO  no build target found for C:\Dadlaga\Bodlogo\Bodlogo1\bodlogo1\src\main\java\com\example\Controller.java. Using fallback presentation compiler.
2026.06.02 15:30:24 INFO  no build target found for C:\Dadlaga\Bodlogo\Bodlogo1\bodlogo1\src\main\java\com\example\Controller.java. Using fallback presentation compiler.
2026.06.02 15:30:24 INFO  no build target found for C:\Dadlaga\Bodlogo\Bodlogo1\bodlogo1\src\main\java\com\example\Controller.java. Using fallback presentation compiler.
2026.06.02 15:30:25 INFO  no build target found for C:\Dadlaga\Bodlogo\Bodlogo1\bodlogo1\src\main\java\com\example\Controller.java. Using fallback presentation compiler.
2026.06.02 15:30:25 INFO  no build target found for C:\Dadlaga\Bodlogo\Bodlogo1\bodlogo1\src\main\java\com\example\Controller.java. Using fallback presentation compiler.
2026.06.02 15:30:25 INFO  no build target found for C:\Dadlaga\Bodlogo\Bodlogo1\bodlogo1\src\main\java\com\example\Controller.java. Using fallback presentation compiler.
2026.06.02 15:30:25 INFO  no build target found for C:\Dadlaga\Bodlogo\Bodlogo1\bodlogo1\src\main\java\com\example\Controller.java. Using fallback presentation compiler.
2026.06.02 15:30:25 INFO  no build target found for C:\Dadlaga\Bodlogo\Bodlogo1\bodlogo1\src\main\java\com\example\Controller.java. Using fallback presentation compiler.
2026.06.02 15:30:26 INFO  no build target found for C:\Dadlaga\Bodlogo\Bodlogo1\bodlogo1\src\main\java\com\example\Controller.java. Using fallback presentation compiler.
2026.06.02 15:30:25 WARN  no build target for: C:\Dadlaga\Bodlogo\Bodlogo1\bodlogo1\src\main\java\com\example\Controller.java
2026.06.02 15:30:26 INFO  no build target found for C:\Dadlaga\Bodlogo\Bodlogo1\bodlogo1\src\main\java\com\example\Controller.java. Using fallback presentation compiler.
2026.06.02 15:31:22 INFO  no build target found for C:\Dadlaga\Bodlogo\Bodlogo1\bodlogo1\src\main\java\com\example\App.java. Using fallback presentation compiler.
2026.06.02 15:31:22 WARN  no build target for: C:\Dadlaga\Bodlogo\Bodlogo1\bodlogo1\src\main\java\com\example\App.java
2026.06.02 15:31:22 INFO  no build target found for C:\Dadlaga\Bodlogo\Bodlogo1\bodlogo1\src\main\java\com\example\App.java. Using fallback presentation compiler.
2026.06.02 15:31:22 INFO  no build target found for C:\Dadlaga\Bodlogo\Bodlogo1\bodlogo1\src\main\java\com\example\App.java. Using fallback presentation compiler.
2026.06.02 15:31:22 INFO  no build target found for C:\Dadlaga\Bodlogo\Bodlogo1\bodlogo1\src\main\java\com\example\App.java. Using fallback presentation compiler.
2026.06.02 15:31:22 INFO  no build target found for C:\Dadlaga\Bodlogo\Bodlogo1\bodlogo1\src\main\java\com\example\App.java. Using fallback presentation compiler.
2026.06.02 15:31:36 INFO  no build target found for C:\Dadlaga\Bodlogo\Bodlogo1\bodlogo1\src\main\java\com\example\App.java. Using fallback presentation compiler.
2026.06.02 15:31:36 WARN  no build target for: C:\Dadlaga\Bodlogo\Bodlogo1\bodlogo1\src\main\java\com\example\App.java
2026.06.02 15:31:36 INFO  no build target found for C:\Dadlaga\Bodlogo\Bodlogo1\bodlogo1\src\main\java\com\example\App.java. Using fallback presentation compiler.
2026.06.02 15:31:36 INFO  no build target found for C:\Dadlaga\Bodlogo\Bodlogo1\bodlogo1\src\main\java\com\example\App.java. Using fallback presentation compiler.
2026.06.02 15:31:36 INFO  no build target found for C:\Dadlaga\Bodlogo\Bodlogo1\bodlogo1\src\main\java\com\example\App.java. Using fallback presentation compiler.
2026.06.02 15:31:36 INFO  no build target found for C:\Dadlaga\Bodlogo\Bodlogo1\bodlogo1\src\main\java\com\example\App.java. Using fallback presentation compiler.
2026.06.02 15:31:38 INFO  no build target found for C:\Dadlaga\Bodlogo\Bodlogo1\bodlogo1\src\main\java\com\example\App.java. Using fallback presentation compiler.
2026.06.02 15:31:38 WARN  no build target for: C:\Dadlaga\Bodlogo\Bodlogo1\bodlogo1\src\main\java\com\example\App.java
2026.06.02 15:31:38 INFO  no build target found for C:\Dadlaga\Bodlogo\Bodlogo1\bodlogo1\src\main\java\com\example\App.java. Using fallback presentation compiler.
2026.06.02 15:31:38 INFO  no build target found for C:\Dadlaga\Bodlogo\Bodlogo1\bodlogo1\src\main\java\com\example\App.java. Using fallback presentation compiler.
2026.06.02 15:31:38 INFO  no build target found for C:\Dadlaga\Bodlogo\Bodlogo1\bodlogo1\src\main\java\com\example\App.java. Using fallback presentation compiler.
2026.06.02 15:31:38 INFO  no build target found for C:\Dadlaga\Bodlogo\Bodlogo1\bodlogo1\src\main\java\com\example\App.java. Using fallback presentation compiler.
2026.06.02 15:32:13 INFO  no build target found for C:\Dadlaga\Bodlogo\Bodlogo1\bodlogo1\src\main\java\com\example\App.java. Using fallback presentation compiler.
2026.06.02 15:32:13 WARN  no build target for: C:\Dadlaga\Bodlogo\Bodlogo1\bodlogo1\src\main\java\com\example\App.java
2026.06.02 15:32:13 INFO  no build target found for C:\Dadlaga\Bodlogo\Bodlogo1\bodlogo1\src\main\java\com\example\App.java. Using fallback presentation compiler.
2026.06.02 15:32:13 INFO  no build target found for C:\Dadlaga\Bodlogo\Bodlogo1\bodlogo1\src\main\java\com\example\App.java. Using fallback presentation compiler.
2026.06.02 15:32:13 INFO  no build target found for C:\Dadlaga\Bodlogo\Bodlogo1\bodlogo1\src\main\java\com\example\App.java. Using fallback presentation compiler.
2026.06.02 15:32:13 INFO  no build target found for C:\Dadlaga\Bodlogo\Bodlogo1\bodlogo1\src\main\java\com\example\App.java. Using fallback presentation compiler.
2026.06.02 15:32:17 INFO  no build target found for C:\Dadlaga\Bodlogo\Bodlogo1\bodlogo1\src\main\java\com\example\Controller.java. Using fallback presentation compiler.
2026.06.02 15:32:17 WARN  no build target for: C:\Dadlaga\Bodlogo\Bodlogo1\bodlogo1\src\main\java\com\example\Controller.java
2026.06.02 15:32:17 INFO  no build target found for C:\Dadlaga\Bodlogo\Bodlogo1\bodlogo1\src\main\java\com\example\Controller.java. Using fallback presentation compiler.
2026.06.02 15:32:17 INFO  no build target found for C:\Dadlaga\Bodlogo\Bodlogo1\bodlogo1\src\main\java\com\example\Controller.java. Using fallback presentation compiler.
2026.06.02 15:32:17 INFO  no build target found for C:\Dadlaga\Bodlogo\Bodlogo1\bodlogo1\src\main\java\com\example\Controller.java. Using fallback presentation compiler.
2026.06.02 15:32:20 INFO  no build target found for C:\Dadlaga\Bodlogo\Bodlogo1\bodlogo1\src\main\java\com\example\App.java. Using fallback presentation compiler.
2026.06.02 15:32:20 WARN  no build target for: C:\Dadlaga\Bodlogo\Bodlogo1\bodlogo1\src\main\java\com\example\App.java
2026.06.02 15:32:20 INFO  no build target found for C:\Dadlaga\Bodlogo\Bodlogo1\bodlogo1\src\main\java\com\example\App.java. Using fallback presentation compiler.
2026.06.02 15:32:20 INFO  no build target found for C:\Dadlaga\Bodlogo\Bodlogo1\bodlogo1\src\main\java\com\example\App.java. Using fallback presentation compiler.
2026.06.02 15:32:20 INFO  no build target found for C:\Dadlaga\Bodlogo\Bodlogo1\bodlogo1\src\main\java\com\example\App.java. Using fallback presentation compiler.
2026.06.02 15:32:20 INFO  no build target found for C:\Dadlaga\Bodlogo\Bodlogo1\bodlogo1\src\main\java\com\example\App.java. Using fallback presentation compiler.
2026.06.02 15:33:33 INFO  no build target found for C:\Dadlaga\Bodlogo\Bodlogo1\bodlogo1\src\main\java\com\example\Controller.java. Using fallback presentation compiler.
2026.06.02 15:33:33 WARN  no build target for: C:\Dadlaga\Bodlogo\Bodlogo1\bodlogo1\src\main\java\com\example\Controller.java
2026.06.02 15:33:33 INFO  no build target found for C:\Dadlaga\Bodlogo\Bodlogo1\bodlogo1\src\main\java\com\example\Controller.java. Using fallback presentation compiler.
2026.06.02 15:33:33 INFO  no build target found for C:\Dadlaga\Bodlogo\Bodlogo1\bodlogo1\src\main\java\com\example\Controller.java. Using fallback presentation compiler.
2026.06.02 15:33:33 INFO  no build target found for C:\Dadlaga\Bodlogo\Bodlogo1\bodlogo1\src\main\java\com\example\Controller.java. Using fallback presentation compiler.
2026.06.02 15:33:38 INFO  no build target found for C:\Dadlaga\Bodlogo\Bodlogo1\bodlogo1\src\main\java\com\example\Controller.java. Using fallback presentation compiler.
2026.06.02 15:33:38 INFO  no build target found for C:\Dadlaga\Bodlogo\Bodlogo1\bodlogo1\src\main\java\com\example\Controller.java. Using fallback presentation compiler.
2026.06.02 15:33:40 INFO  no build target found for C:\Dadlaga\Bodlogo\Bodlogo1\bodlogo1\src\main\java\com\example\Controller.java. Using fallback presentation compiler.
2026.06.02 15:33:40 INFO  no build target found for C:\Dadlaga\Bodlogo\Bodlogo1\bodlogo1\src\main\java\com\example\Controller.java. Using fallback presentation compiler.
2026.06.02 15:33:49 INFO  no build target found for C:\Dadlaga\Bodlogo\Bodlogo1\bodlogo1\src\main\java\com\example\Controller.java. Using fallback presentation compiler.
2026.06.02 15:33:51 INFO  no build target found for C:\Dadlaga\Bodlogo\Bodlogo1\bodlogo1\src\main\java\com\example\Controller.java. Using fallback presentation compiler.
2026.06.02 15:37:07 INFO  no build target found for C:\Dadlaga\Bodlogo\Bodlogo1\bodlogo1\src\main\java\com\example\Controller.java. Using fallback presentation compiler.
2026.06.02 15:37:07 WARN  no build target for: C:\Dadlaga\Bodlogo\Bodlogo1\bodlogo1\src\main\java\com\example\Controller.java
2026.06.02 15:37:07 INFO  no build target found for C:\Dadlaga\Bodlogo\Bodlogo1\bodlogo1\src\main\java\com\example\Controller.java. Using fallback presentation compiler.
2026.06.02 15:37:07 INFO  no build target found for C:\Dadlaga\Bodlogo\Bodlogo1\bodlogo1\src\main\java\com\example\Controller.java. Using fallback presentation compiler.
2026.06.02 15:37:07 INFO  no build target found for C:\Dadlaga\Bodlogo\Bodlogo1\bodlogo1\src\main\java\com\example\Controller.java. Using fallback presentation compiler.
2026.06.02 15:37:08 INFO  no build target found for C:\Dadlaga\Bodlogo\Bodlogo1\bodlogo1\src\main\java\com\example\App.java. Using fallback presentation compiler.
2026.06.02 15:37:08 WARN  no build target for: C:\Dadlaga\Bodlogo\Bodlogo1\bodlogo1\src\main\java\com\example\App.java
2026.06.02 15:37:08 INFO  no build target found for C:\Dadlaga\Bodlogo\Bodlogo1\bodlogo1\src\main\java\com\example\App.java. Using fallback presentation compiler.
2026.06.02 15:37:08 INFO  no build target found for C:\Dadlaga\Bodlogo\Bodlogo1\bodlogo1\src\main\java\com\example\App.java. Using fallback presentation compiler.
2026.06.02 15:37:08 INFO  no build target found for C:\Dadlaga\Bodlogo\Bodlogo1\bodlogo1\src\main\java\com\example\App.java. Using fallback presentation compiler.
2026.06.02 15:37:08 INFO  no build target found for C:\Dadlaga\Bodlogo\Bodlogo1\bodlogo1\src\main\java\com\example\App.java. Using fallback presentation compiler.
2026.06.02 15:37:31 INFO  no build target found for C:\Dadlaga\Bodlogo\Bodlogo1\bodlogo1\src\main\java\com\example\Controller.java. Using fallback presentation compiler.
2026.06.02 15:37:31 WARN  no build target for: C:\Dadlaga\Bodlogo\Bodlogo1\bodlogo1\src\main\java\com\example\Controller.java
2026.06.02 15:37:31 INFO  no build target found for C:\Dadlaga\Bodlogo\Bodlogo1\bodlogo1\src\main\java\com\example\Controller.java. Using fallback presentation compiler.
2026.06.02 15:37:31 INFO  no build target found for C:\Dadlaga\Bodlogo\Bodlogo1\bodlogo1\src\main\java\com\example\Controller.java. Using fallback presentation compiler.
2026.06.02 15:37:31 INFO  no build target found for C:\Dadlaga\Bodlogo\Bodlogo1\bodlogo1\src\main\java\com\example\Controller.java. Using fallback presentation compiler.
2026.06.02 15:37:37 INFO  no build target found for C:\Dadlaga\Bodlogo\Bodlogo1\bodlogo1\src\main\java\com\example\Controller.java. Using fallback presentation compiler.
2026.06.02 15:37:37 WARN  no build target for: C:\Dadlaga\Bodlogo\Bodlogo1\bodlogo1\src\main\java\com\example\Controller.java
2026.06.02 15:37:37 INFO  no build target found for C:\Dadlaga\Bodlogo\Bodlogo1\bodlogo1\src\main\java\com\example\Controller.java. Using fallback presentation compiler.
2026.06.02 15:37:37 INFO  no build target found for C:\Dadlaga\Bodlogo\Bodlogo1\bodlogo1\src\main\java\com\example\Controller.java. Using fallback presentation compiler.
2026.06.02 15:37:37 INFO  no build target found for C:\Dadlaga\Bodlogo\Bodlogo1\bodlogo1\src\main\java\com\example\Controller.java. Using fallback presentation compiler.
2026.06.02 15:39:07 INFO  no build target found for C:\Dadlaga\Bodlogo\Bodlogo1\bodlogo1\src\main\java\com\example\Controller.java. Using fallback presentation compiler.
2026.06.02 15:39:07 INFO  no build target found for C:\Dadlaga\Bodlogo\Bodlogo1\bodlogo1\src\main\java\com\example\Controller.java. Using fallback presentation compiler.
2026.06.02 15:39:08 INFO  no build target found for C:\Dadlaga\Bodlogo\Bodlogo1\bodlogo1\src\main\java\com\example\Controller.java. Using fallback presentation compiler.
2026.06.02 15:39:08 INFO  no build target found for C:\Dadlaga\Bodlogo\Bodlogo1\bodlogo1\src\main\java\com\example\Controller.java. Using fallback presentation compiler.
2026.06.02 15:39:09 INFO  no build target found for C:\Dadlaga\Bodlogo\Bodlogo1\bodlogo1\src\main\java\com\example\Controller.java. Using fallback presentation compiler.
2026.06.02 15:39:09 WARN  no build target for: C:\Dadlaga\Bodlogo\Bodlogo1\bodlogo1\src\main\java\com\example\Controller.java
2026.06.02 15:39:09 INFO  no build target found for C:\Dadlaga\Bodlogo\Bodlogo1\bodlogo1\src\main\java\com\example\Controller.java. Using fallback presentation compiler.
2026.06.02 15:39:11 INFO  no build target found for C:\Dadlaga\Bodlogo\Bodlogo1\bodlogo1\src\main\java\com\example\Controller.java. Using fallback presentation compiler.
2026.06.02 15:39:11 INFO  no build target found for C:\Dadlaga\Bodlogo\Bodlogo1\bodlogo1\src\main\java\com\example\Controller.java. Using fallback presentation compiler.
2026.06.02 15:39:12 INFO  no build target found for C:\Dadlaga\Bodlogo\Bodlogo1\bodlogo1\src\main\java\com\example\Controller.java. Using fallback presentation compiler.
2026.06.02 15:39:12 INFO  no build target found for C:\Dadlaga\Bodlogo\Bodlogo1\bodlogo1\src\main\java\com\example\Controller.java. Using fallback presentation compiler.
Jun 02, 2026 3:39:13 PM org.eclipse.lsp4j.jsonrpc.RemoteEndpoint handleCancellation
WARNING: Unmatched cancel notification for request id 809
2026.06.02 15:39:12 INFO  no build target found for C:\Dadlaga\Bodlogo\Bodlogo1\bodlogo1\src\main\java\com\example\Controller.java. Using fallback presentation compiler.
2026.06.02 15:39:13 INFO  no build target found for C:\Dadlaga\Bodlogo\Bodlogo1\bodlogo1\src\main\java\com\example\Controller.java. Using fallback presentation compiler.
2026.06.02 15:39:12 INFO  no build target found for C:\Dadlaga\Bodlogo\Bodlogo1\bodlogo1\src\main\java\com\example\Controller.java. Using fallback presentation compiler.
2026.06.02 15:39:12 INFO  no build target found for C:\Dadlaga\Bodlogo\Bodlogo1\bodlogo1\src\main\java\com\example\Controller.java. Using fallback presentation compiler.
2026.06.02 15:39:13 INFO  no build target found for C:\Dadlaga\Bodlogo\Bodlogo1\bodlogo1\src\main\java\com\example\Controller.java. Using fallback presentation compiler.
2026.06.02 15:39:12 INFO  no build target found for C:\Dadlaga\Bodlogo\Bodlogo1\bodlogo1\src\main\java\com\example\Controller.java. Using fallback presentation compiler.
2026.06.02 15:39:12 INFO  no build target found for C:\Dadlaga\Bodlogo\Bodlogo1\bodlogo1\src\main\java\com\example\Controller.java. Using fallback presentation compiler.
2026.06.02 15:39:13 INFO  no build target found for C:\Dadlaga\Bodlogo\Bodlogo1\bodlogo1\src\main\java\com\example\Controller.java. Using fallback presentation compiler.
2026.06.02 15:39:14 INFO  no build target found for C:\Dadlaga\Bodlogo\Bodlogo1\bodlogo1\src\main\java\com\example\Controller.java. Using fallback presentation compiler.
2026.06.02 15:39:14 INFO  no build target found for C:\Dadlaga\Bodlogo\Bodlogo1\bodlogo1\src\main\java\com\example\Controller.java. Using fallback presentation compiler.
2026.06.02 15:39:15 INFO  no build target found for C:\Dadlaga\Bodlogo\Bodlogo1\bodlogo1\src\main\java\com\example\Controller.java. Using fallback presentation compiler.
2026.06.02 15:39:15 INFO  no build target found for C:\Dadlaga\Bodlogo\Bodlogo1\bodlogo1\src\main\java\com\example\Controller.java. Using fallback presentation compiler.
2026.06.02 15:39:16 INFO  no build target found for C:\Dadlaga\Bodlogo\Bodlogo1\bodlogo1\src\main\java\com\example\Controller.java. Using fallback presentation compiler.
2026.06.02 15:39:18 INFO  no build target found for C:\Dadlaga\Bodlogo\Bodlogo1\bodlogo1\src\main\java\com\example\Controller.java. Using fallback presentation compiler.
2026.06.02 15:39:18 INFO  no build target found for C:\Dadlaga\Bodlogo\Bodlogo1\bodlogo1\src\main\java\com\example\Controller.java. Using fallback presentation compiler.
2026.06.02 15:39:18 INFO  no build target found for C:\Dadlaga\Bodlogo\Bodlogo1\bodlogo1\src\main\java\com\example\Controller.java. Using fallback presentation compiler.
2026.06.02 15:39:18 INFO  Created report: Optional[file:///C:/Dadlaga/Bodlogo/Bodlogo1/bodlogo1/src/main/java/com/example/Controller.java]
2026.06.02 15:39:18 INFO  empty definition using pc, found symbol in pc: java/lang/String# (full report at: "C:\Dadlaga\Bodlogo\Bodlogo1\.metals\.reports\metals-full\2026-06-02\r_empty-definition_15-39-19-078.md")
2026.06.02 15:39:19 INFO  no build target found for C:\Dadlaga\Bodlogo\Bodlogo1\bodlogo1\src\main\java\com\example\Controller.java. Using fallback presentation compiler.
2026.06.02 15:39:18 INFO  no build target found for C:\Dadlaga\Bodlogo\Bodlogo1\bodlogo1\src\main\java\com\example\Controller.java. Using fallback presentation compiler.
2026.06.02 15:39:18 INFO  empty definition using pc, found symbol in pc: java/lang/String# (full report at: "C:\Dadlaga\Bodlogo\Bodlogo1\.metals\.reports\metals-full\2026-06-02\r_empty-definition_15-39-19-078.md")
2026.06.02 15:39:19 INFO  no build target found for C:\Dadlaga\Bodlogo\Bodlogo1\bodlogo1\src\main\java\com\example\Controller.java. Using fallback presentation compiler.
2026.06.02 15:39:20 INFO  no build target found for C:\Dadlaga\Bodlogo\Bodlogo1\bodlogo1\src\main\java\com\example\Controller.java. Using fallback presentation compiler.
2026.06.02 15:39:20 INFO  no build target found for C:\Dadlaga\Bodlogo\Bodlogo1\bodlogo1\src\main\java\com\example\Controller.java. Using fallback presentation compiler.
2026.06.02 15:39:20 INFO  no build target found for C:\Dadlaga\Bodlogo\Bodlogo1\bodlogo1\src\main\java\com\example\Controller.java. Using fallback presentation compiler.
2026.06.02 15:39:21 INFO  no build target found for C:\Dadlaga\Bodlogo\Bodlogo1\bodlogo1\src\main\java\com\example\Controller.java. Using fallback presentation compiler.
2026.06.02 15:39:22 INFO  no build target found for C:\Dadlaga\Bodlogo\Bodlogo1\bodlogo1\src\main\java\com\example\Controller.java. Using fallback presentation compiler.
2026.06.02 15:39:22 INFO  no build target found for C:\Dadlaga\Bodlogo\Bodlogo1\bodlogo1\src\main\java\com\example\Controller.java. Using fallback presentation compiler.
2026.06.02 15:39:23 INFO  no build target found for C:\Dadlaga\Bodlogo\Bodlogo1\bodlogo1\src\main\java\com\example\Controller.java. Using fallback presentation compiler.
2026.06.02 15:39:22 INFO  no build target found for C:\Dadlaga\Bodlogo\Bodlogo1\bodlogo1\src\main\java\com\example\Controller.java. Using fallback presentation compiler.
2026.06.02 15:39:22 INFO  no build target found for C:\Dadlaga\Bodlogo\Bodlogo1\bodlogo1\src\main\java\com\example\Controller.java. Using fallback presentation compiler.
2026.06.02 15:39:22 INFO  no build target found for C:\Dadlaga\Bodlogo\Bodlogo1\bodlogo1\src\main\java\com\example\Controller.java. Using fallback presentation compiler.
2026.06.02 15:39:23 INFO  no build target found for C:\Dadlaga\Bodlogo\Bodlogo1\bodlogo1\src\main\java\com\example\Controller.java. Using fallback presentation compiler.
2026.06.02 15:39:23 INFO  no build target found for C:\Dadlaga\Bodlogo\Bodlogo1\bodlogo1\src\main\java\com\example\Controller.java. Using fallback presentation compiler.
2026.06.02 15:39:23 INFO  no build target found for C:\Dadlaga\Bodlogo\Bodlogo1\bodlogo1\src\main\java\com\example\Controller.java. Using fallback presentation compiler.
2026.06.02 15:39:23 INFO  no build target found for C:\Dadlaga\Bodlogo\Bodlogo1\bodlogo1\src\main\java\com\example\Controller.java. Using fallback presentation compiler.
2026.06.02 15:39:23 INFO  no build target found for C:\Dadlaga\Bodlogo\Bodlogo1\bodlogo1\src\main\java\com\example\Controller.java. Using fallback presentation compiler.
2026.06.02 15:39:23 INFO  no build target found for C:\Dadlaga\Bodlogo\Bodlogo1\bodlogo1\src\main\java\com\example\Controller.java. Using fallback presentation compiler.
2026.06.02 15:39:23 INFO  no build target found for C:\Dadlaga\Bodlogo\Bodlogo1\bodlogo1\src\main\java\com\example\Controller.java. Using fallback presentation compiler.
2026.06.02 15:39:23 INFO  no build target found for C:\Dadlaga\Bodlogo\Bodlogo1\bodlogo1\src\main\java\com\example\Controller.java. Using fallback presentation compiler.
2026.06.02 15:39:24 INFO  no build target found for C:\Dadlaga\Bodlogo\Bodlogo1\bodlogo1\src\main\java\com\example\Controller.java. Using fallback presentation compiler.
2026.06.02 15:39:23 INFO  no build target found for C:\Dadlaga\Bodlogo\Bodlogo1\bodlogo1\src\main\java\com\example\Controller.java. Using fallback presentation compiler.
2026.06.02 15:39:25 INFO  no build target found for C:\Dadlaga\Bodlogo\Bodlogo1\bodlogo1\src\main\java\com\example\Controller.java. Using fallback presentation compiler.
2026.06.02 15:39:25 INFO  no build target found for C:\Dadlaga\Bodlogo\Bodlogo1\bodlogo1\src\main\java\com\example\Controller.java. Using fallback presentation compiler.
2026.06.02 15:39:25 INFO  no build target found for C:\Dadlaga\Bodlogo\Bodlogo1\bodlogo1\src\main\java\com\example\Controller.java. Using fallback presentation compiler.
2026.06.02 15:39:25 INFO  no build target found for C:\Dadlaga\Bodlogo\Bodlogo1\bodlogo1\src\main\java\com\example\Controller.java. Using fallback presentation compiler.
2026.06.02 15:39:26 INFO  no build target found for C:\Dadlaga\Bodlogo\Bodlogo1\bodlogo1\src\main\java\com\example\Controller.java. Using fallback presentation compiler.
2026.06.02 15:39:29 INFO  no build target found for C:\Dadlaga\Bodlogo\Bodlogo1\bodlogo1\src\main\java\com\example\Controller.java. Using fallback presentation compiler.
2026.06.02 15:39:29 INFO  no build target found for C:\Dadlaga\Bodlogo\Bodlogo1\bodlogo1\src\main\java\com\example\Controller.java. Using fallback presentation compiler.
2026.06.02 15:39:31 INFO  no build target found for C:\Dadlaga\Bodlogo\Bodlogo1\bodlogo1\src\main\java\com\example\Controller.java. Using fallback presentation compiler.
2026.06.02 15:39:31 INFO  no build target found for C:\Dadlaga\Bodlogo\Bodlogo1\bodlogo1\src\main\java\com\example\Controller.java. Using fallback presentation compiler.
2026.06.02 15:39:31 INFO  no build target found for C:\Dadlaga\Bodlogo\Bodlogo1\bodlogo1\src\main\java\com\example\Controller.java. Using fallback presentation compiler.
2026.06.02 15:39:31 INFO  no build target found for C:\Dadlaga\Bodlogo\Bodlogo1\bodlogo1\src\main\java\com\example\Controller.java. Using fallback presentation compiler.
2026.06.02 15:39:32 INFO  no build target found for C:\Dadlaga\Bodlogo\Bodlogo1\bodlogo1\src\main\java\com\example\Controller.java. Using fallback presentation compiler.
2026.06.02 15:39:31 INFO  no build target found for C:\Dadlaga\Bodlogo\Bodlogo1\bodlogo1\src\main\java\com\example\Controller.java. Using fallback presentation compiler.
Jun 02, 2026 3:39:32 PM org.eclipse.lsp4j.jsonrpc.RemoteEndpoint handleCancellation
WARNING: Unmatched cancel notification for request id 890
2026.06.02 15:39:32 INFO  no build target found for C:\Dadlaga\Bodlogo\Bodlogo1\bodlogo1\src\main\java\com\example\Controller.java. Using fallback presentation compiler.
2026.06.02 15:39:32 INFO  no build target found for C:\Dadlaga\Bodlogo\Bodlogo1\bodlogo1\src\main\java\com\example\Controller.java. Using fallback presentation compiler.
2026.06.02 15:39:32 INFO  no build target found for C:\Dadlaga\Bodlogo\Bodlogo1\bodlogo1\src\main\java\com\example\Controller.java. Using fallback presentation compiler.
2026.06.02 15:39:32 INFO  no build target found for C:\Dadlaga\Bodlogo\Bodlogo1\bodlogo1\src\main\java\com\example\Controller.java. Using fallback presentation compiler.
2026.06.02 15:39:32 WARN  no build target for: C:\Dadlaga\Bodlogo\Bodlogo1\bodlogo1\src\main\java\com\example\Controller.java
2026.06.02 15:39:32 INFO  no build target found for C:\Dadlaga\Bodlogo\Bodlogo1\bodlogo1\src\main\java\com\example\Controller.java. Using fallback presentation compiler.
2026.06.02 15:39:33 INFO  no build target found for C:\Dadlaga\Bodlogo\Bodlogo1\bodlogo1\src\main\java\com\example\Controller.java. Using fallback presentation compiler.
2026.06.02 15:39:33 INFO  no build target found for C:\Dadlaga\Bodlogo\Bodlogo1\bodlogo1\src\main\java\com\example\Controller.java. Using fallback presentation compiler.
2026.06.02 15:39:33 INFO  no build target found for C:\Dadlaga\Bodlogo\Bodlogo1\bodlogo1\src\main\java\com\example\Controller.java. Using fallback presentation compiler.
2026.06.02 15:39:35 INFO  no build target found for C:\Dadlaga\Bodlogo\Bodlogo1\bodlogo1\src\main\java\com\example\Controller.java. Using fallback presentation compiler.
2026.06.02 15:39:35 INFO  no build target found for C:\Dadlaga\Bodlogo\Bodlogo1\bodlogo1\src\main\java\com\example\Controller.java. Using fallback presentation compiler.
2026.06.02 15:39:36 INFO  no build target found for C:\Dadlaga\Bodlogo\Bodlogo1\bodlogo1\src\main\java\com\example\Controller.java. Using fallback presentation compiler.
2026.06.02 15:39:36 INFO  no build target found for C:\Dadlaga\Bodlogo\Bodlogo1\bodlogo1\src\main\java\com\example\Controller.java. Using fallback presentation compiler.
2026.06.02 15:39:36 INFO  no build target found for C:\Dadlaga\Bodlogo\Bodlogo1\bodlogo1\src\main\java\com\example\Controller.java. Using fallback presentation compiler.
2026.06.02 15:39:37 INFO  no build target found for C:\Dadlaga\Bodlogo\Bodlogo1\bodlogo1\src\main\java\com\example\Controller.java. Using fallback presentation compiler.
2026.06.02 15:39:37 INFO  no build target found for C:\Dadlaga\Bodlogo\Bodlogo1\bodlogo1\src\main\java\com\example\Controller.java. Using fallback presentation compiler.
2026.06.02 15:39:37 INFO  no build target found for C:\Dadlaga\Bodlogo\Bodlogo1\bodlogo1\src\main\java\com\example\Controller.java. Using fallback presentation compiler.
2026.06.02 15:39:37 INFO  no build target found for C:\Dadlaga\Bodlogo\Bodlogo1\bodlogo1\src\main\java\com\example\Controller.java. Using fallback presentation compiler.
2026.06.02 15:39:37 INFO  no build target found for C:\Dadlaga\Bodlogo\Bodlogo1\bodlogo1\src\main\java\com\example\Controller.java. Using fallback presentation compiler.
2026.06.02 15:39:37 INFO  no build target found for C:\Dadlaga\Bodlogo\Bodlogo1\bodlogo1\src\main\java\com\example\Controller.java. Using fallback presentation compiler.
2026.06.02 15:39:37 INFO  no build target found for C:\Dadlaga\Bodlogo\Bodlogo1\bodlogo1\src\main\java\com\example\Controller.java. Using fallback presentation compiler.
2026.06.02 15:39:37 INFO  no build target found for C:\Dadlaga\Bodlogo\Bodlogo1\bodlogo1\src\main\java\com\example\Controller.java. Using fallback presentation compiler.
2026.06.02 15:39:37 INFO  no build target found for C:\Dadlaga\Bodlogo\Bodlogo1\bodlogo1\src\main\java\com\example\Controller.java. Using fallback presentation compiler.
2026.06.02 15:39:38 INFO  no build target found for C:\Dadlaga\Bodlogo\Bodlogo1\bodlogo1\src\main\java\com\example\Controller.java. Using fallback presentation compiler.
2026.06.02 15:39:38 INFO  no build target found for C:\Dadlaga\Bodlogo\Bodlogo1\bodlogo1\src\main\java\com\example\Controller.java. Using fallback presentation compiler.
2026.06.02 15:39:38 INFO  no build target found for C:\Dadlaga\Bodlogo\Bodlogo1\bodlogo1\src\main\java\com\example\Controller.java. Using fallback presentation compiler.
2026.06.02 15:39:38 INFO  no build target found for C:\Dadlaga\Bodlogo\Bodlogo1\bodlogo1\src\main\java\com\example\Controller.java. Using fallback presentation compiler.
2026.06.02 15:39:38 INFO  no build target found for C:\Dadlaga\Bodlogo\Bodlogo1\bodlogo1\src\main\java\com\example\Controller.java. Using fallback presentation compiler.
2026.06.02 15:39:38 INFO  no build target found for C:\Dadlaga\Bodlogo\Bodlogo1\bodlogo1\src\main\java\com\example\Controller.java. Using fallback presentation compiler.
2026.06.02 15:39:38 INFO  no build target found for C:\Dadlaga\Bodlogo\Bodlogo1\bodlogo1\src\main\java\com\example\Controller.java. Using fallback presentation compiler.
2026.06.02 15:39:38 INFO  no build target found for C:\Dadlaga\Bodlogo\Bodlogo1\bodlogo1\src\main\java\com\example\Controller.java. Using fallback presentation compiler.
2026.06.02 15:39:38 INFO  no build target found for C:\Dadlaga\Bodlogo\Bodlogo1\bodlogo1\src\main\java\com\example\Controller.java. Using fallback presentation compiler.
2026.06.02 15:39:38 INFO  no build target found for C:\Dadlaga\Bodlogo\Bodlogo1\bodlogo1\src\main\java\com\example\Controller.java. Using fallback presentation compiler.
2026.06.02 15:39:39 INFO  no build target found for C:\Dadlaga\Bodlogo\Bodlogo1\bodlogo1\src\main\java\com\example\Controller.java. Using fallback presentation compiler.
2026.06.02 15:39:38 WARN  no build target for: C:\Dadlaga\Bodlogo\Bodlogo1\bodlogo1\src\main\java\com\example\Controller.java
2026.06.02 15:39:39 INFO  no build target found for C:\Dadlaga\Bodlogo\Bodlogo1\bodlogo1\src\main\java\com\example\Controller.java. Using fallback presentation compiler.
2026.06.02 15:39:39 INFO  no build target found for C:\Dadlaga\Bodlogo\Bodlogo1\bodlogo1\src\main\java\com\example\Controller.java. Using fallback presentation compiler.
2026.06.02 15:39:39 INFO  no build target found for C:\Dadlaga\Bodlogo\Bodlogo1\bodlogo1\src\main\java\com\example\Controller.java. Using fallback presentation compiler.
2026.06.02 15:39:41 INFO  no build target found for C:\Dadlaga\Bodlogo\Bodlogo1\bodlogo1\src\main\java\com\example\Controller.java. Using fallback presentation compiler.
2026.06.02 15:39:41 INFO  no build target found for C:\Dadlaga\Bodlogo\Bodlogo1\bodlogo1\src\main\java\com\example\Controller.java. Using fallback presentation compiler.
2026.06.02 15:39:42 INFO  no build target found for C:\Dadlaga\Bodlogo\Bodlogo1\bodlogo1\src\main\java\com\example\Controller.java. Using fallback presentation compiler.
2026.06.02 15:39:42 INFO  no build target found for C:\Dadlaga\Bodlogo\Bodlogo1\bodlogo1\src\main\java\com\example\Controller.java. Using fallback presentation compiler.
2026.06.02 15:39:43 INFO  no build target found for C:\Dadlaga\Bodlogo\Bodlogo1\bodlogo1\src\main\java\com\example\Controller.java. Using fallback presentation compiler.
2026.06.02 15:39:43 WARN  no build target for: C:\Dadlaga\Bodlogo\Bodlogo1\bodlogo1\src\main\java\com\example\Controller.java
2026.06.02 15:39:43 INFO  no build target found for C:\Dadlaga\Bodlogo\Bodlogo1\bodlogo1\src\main\java\com\example\Controller.java. Using fallback presentation compiler.
2026.06.02 15:40:59 INFO  no build target found for C:\Dadlaga\Bodlogo\Bodlogo1\bodlogo1\src\main\java\com\example\Controller.java. Using fallback presentation compiler.
2026.06.02 15:41:08 INFO  no build target found for C:\Dadlaga\Bodlogo\Bodlogo1\bodlogo1\src\main\java\com\example\Controller.java. Using fallback presentation compiler.
2026.06.02 15:41:08 INFO  no build target found for C:\Dadlaga\Bodlogo\Bodlogo1\bodlogo1\src\main\java\com\example\Controller.java. Using fallback presentation compiler.
2026.06.02 15:41:09 INFO  no build target found for C:\Dadlaga\Bodlogo\Bodlogo1\bodlogo1\src\main\java\com\example\Controller.java. Using fallback presentation compiler.
2026.06.02 15:41:09 INFO  no build target found for C:\Dadlaga\Bodlogo\Bodlogo1\bodlogo1\src\main\java\com\example\Controller.java. Using fallback presentation compiler.
2026.06.02 15:41:09 INFO  no build target found for C:\Dadlaga\Bodlogo\Bodlogo1\bodlogo1\src\main\java\com\example\Controller.java. Using fallback presentation compiler.
2026.06.02 15:41:09 INFO  no build target found for C:\Dadlaga\Bodlogo\Bodlogo1\bodlogo1\src\main\java\com\example\Controller.java. Using fallback presentation compiler.
2026.06.02 15:41:09 WARN  no build target for: C:\Dadlaga\Bodlogo\Bodlogo1\bodlogo1\src\main\java\com\example\Controller.java
2026.06.02 15:41:09 INFO  no build target found for C:\Dadlaga\Bodlogo\Bodlogo1\bodlogo1\src\main\java\com\example\Controller.java. Using fallback presentation compiler.
2026.06.02 15:41:09 INFO  no build target found for C:\Dadlaga\Bodlogo\Bodlogo1\bodlogo1\src\main\java\com\example\Controller.java. Using fallback presentation compiler.
2026.06.02 15:45:06 INFO  no build target found for C:\Dadlaga\Bodlogo\Bodlogo1\bodlogo1\src\main\java\com\example\Controller.java. Using fallback presentation compiler.
2026.06.02 15:45:06 WARN  no build target for: C:\Dadlaga\Bodlogo\Bodlogo1\bodlogo1\src\main\java\com\example\Controller.java
2026.06.02 15:45:06 INFO  no build target found for C:\Dadlaga\Bodlogo\Bodlogo1\bodlogo1\src\main\java\com\example\Controller.java. Using fallback presentation compiler.
2026.06.02 15:45:06 INFO  no build target found for C:\Dadlaga\Bodlogo\Bodlogo1\bodlogo1\src\main\java\com\example\Controller.java. Using fallback presentation compiler.
2026.06.02 15:45:06 INFO  no build target found for C:\Dadlaga\Bodlogo\Bodlogo1\bodlogo1\src\main\java\com\example\Controller.java. Using fallback presentation compiler.
2026.06.02 15:45:37 INFO  no build target found for C:\Dadlaga\Bodlogo\Bodlogo1\bodlogo1\src\main\java\com\example\App.java. Using fallback presentation compiler.
2026.06.02 15:45:37 WARN  no build target for: C:\Dadlaga\Bodlogo\Bodlogo1\bodlogo1\src\main\java\com\example\App.java
2026.06.02 15:45:37 INFO  no build target found for C:\Dadlaga\Bodlogo\Bodlogo1\bodlogo1\src\main\java\com\example\App.java. Using fallback presentation compiler.
2026.06.02 15:45:37 INFO  no build target found for C:\Dadlaga\Bodlogo\Bodlogo1\bodlogo1\src\main\java\com\example\App.java. Using fallback presentation compiler.
2026.06.02 15:45:37 INFO  no build target found for C:\Dadlaga\Bodlogo\Bodlogo1\bodlogo1\src\main\java\com\example\App.java. Using fallback presentation compiler.
2026.06.02 15:45:57 INFO  Shutting down server
2026.06.02 15:45:57 INFO  Memory monitor stopped
2026.06.02 15:45:57 INFO  shutting down Metals
2026.06.02 15:45:57 INFO  Exiting server
2026.06.02 16:07:03 INFO  Started: Metals version 1.6.7 in folders 'C:\Dadlaga\Bodlogo\Bodlogo1' for client Visual Studio Code 1.122.1.
2026.06.02 16:07:03 INFO  Memory monitor started
2026.06.02 16:07:07 WARN  Using H2 2.4.240 which is newer than the version Flyway has been verified with. The latest verified version of H2 is 2.3.232.
2026.06.02 16:07:09 INFO  no build target found for C:\Dadlaga\Bodlogo\Bodlogo1\bodlogo1\src\main\java\com\example\App.java. Using fallback presentation compiler.
2026.06.02 16:07:10 INFO  no build target found for C:\Dadlaga\Bodlogo\Bodlogo1\bodlogo1\src\main\java\com\example\App.java. Using fallback presentation compiler.
2026.06.02 16:07:10 INFO  no build target found for C:\Dadlaga\Bodlogo\Bodlogo1\bodlogo1\src\main\java\com\example\App.java. Using fallback presentation compiler.
2026.06.02 16:07:10 INFO  no build target found for C:\Dadlaga\Bodlogo\Bodlogo1\bodlogo1\src\main\java\com\example\App.java. Using fallback presentation compiler.
2026.06.02 16:07:10 INFO  no build target found for C:\Dadlaga\Bodlogo\Bodlogo1\bodlogo1\src\main\java\com\example\App.java. Using fallback presentation compiler.
Jun 02, 2026 4:07:12 PM org.eclipse.lsp4j.jsonrpc.RemoteEndpoint handleCancellation
WARNING: Unmatched cancel notification for request id 7
Jun 02, 2026 4:07:12 PM org.eclipse.lsp4j.jsonrpc.RemoteEndpoint handleCancellation
WARNING: Unmatched cancel notification for request id 8
Jun 02, 2026 4:07:12 PM org.eclipse.lsp4j.jsonrpc.RemoteEndpoint handleCancellation
WARNING: Unmatched cancel notification for request id 9
2026.06.02 16:07:12 INFO  no build target found for C:\Dadlaga\Bodlogo\Bodlogo1\bodlogo1\src\main\java\com\example\App.java. Using fallback presentation compiler.
2026.06.02 16:07:12 INFO  no build target found for C:\Dadlaga\Bodlogo\Bodlogo1\bodlogo1\src\main\java\com\example\App.java. Using fallback presentation compiler.
2026.06.02 16:07:15 INFO  no build target found for C:\Dadlaga\Bodlogo\Bodlogo1\bodlogo1\src\main\java\com\example\Controller.java. Using fallback presentation compiler.
2026.06.02 16:07:16 WARN  no build target for: C:\Dadlaga\Bodlogo\Bodlogo1\bodlogo1\src\main\java\com\example\Controller.java
Jun 02, 2026 4:07:16 PM org.eclipse.lsp4j.jsonrpc.RemoteEndpoint handleCancellation
WARNING: Unmatched cancel notification for request id 15
2026.06.02 16:07:15 INFO  no build target found for C:\Dadlaga\Bodlogo\Bodlogo1\bodlogo1\src\main\java\com\example\Controller.java. Using fallback presentation compiler.
2026.06.02 16:07:15 INFO  no build target found for C:\Dadlaga\Bodlogo\Bodlogo1\bodlogo1\src\main\java\com\example\Controller.java. Using fallback presentation compiler.
2026.06.02 16:07:16 INFO  no build target found for C:\Dadlaga\Bodlogo\Bodlogo1\bodlogo1\src\main\java\com\example\Controller.java. Using fallback presentation compiler.
2026.06.02 16:07:16 INFO  no build target found for C:\Dadlaga\Bodlogo\Bodlogo1\bodlogo1\src\main\java\com\example\Controller.java. Using fallback presentation compiler.
Jun 02, 2026 4:07:16 PM org.eclipse.lsp4j.jsonrpc.RemoteEndpoint handleCancellation
WARNING: Unmatched cancel notification for request id 24
2026.06.02 16:07:16 INFO  no build target found for C:\Dadlaga\Bodlogo\Bodlogo1\bodlogo1\src\main\java\com\example\Controller.java. Using fallback presentation compiler.
2026.06.02 16:07:19 WARN  no build target for: C:\Dadlaga\Bodlogo\Bodlogo1\bodlogo1\src\main\java\com\example\App.java
2026.06.02 16:07:19 WARN  no build target for: C:\Dadlaga\Bodlogo\Bodlogo1\bodlogo1\src\main\java\com\example\Controller.java
2026.06.02 16:07:20 INFO  time: code lens generation in 1.52s
2026.06.02 16:07:21 INFO  time: code lens generation in 1.85s
2026.06.02 16:07:21 INFO  time: code lens generation in 1.86s
2026.06.02 16:07:21 INFO  no build target found for C:\Dadlaga\Bodlogo\Bodlogo1\bodlogo1\src\main\java\com\example\Controller.java. Using fallback presentation compiler.
2026.06.02 16:13:12 INFO  Shutting down server
2026.06.02 16:13:12 INFO  Memory monitor stopped
2026.06.02 16:13:12 INFO  shutting down Metals
2026.06.02 16:13:12 INFO  Exiting server
